Workbook

Sheet REKAP PENGELUARAN SPB 2026
A1: REKAPITULASI PENGELUARAN SPB
A2: UNIT PENYELENGGARA PELABUHAN KELAS III JAMPEA
A3: TAHUN 2026
A5: PELABUHAN JAMPEA
A6: NO | B6: BULAN | C6: JENIS / UKURAN KAPAL | H6: RUSAK / BATAL | I6: JUMLAH
C7: PPK. 27 | D7: PPK. 29 | E7: KLM | F7: KL | G7: PI
A8: 1 | B8: JANUARI | C8: 28 | D8: 2 | E8: 8 | F8: 0 | G8: 0 | H8: 0 | I8: =SUM(C8:H8) -> 38
A9: 2 | B9: FEBRUARI | C9: 37 | D9: 6 | E9: 12 | F9: 0 | G9: 0 | H9: 0 | I9: =SUM(C9:H9) -> 55
A10: 3 | B10: MARET | F10: 0 | G10: 0 | H10: 0 | I10: =SUM(C10:H10) -> 0
A11: 4 | B11: APRIL | F11: 0 | G11: 0 | H11: 0 | I11: =SUM(C11:H11) -> 0
A12: 5 | B12: MEI | F12: 0 | G12: 0 | H12: 0 | I12: =SUM(C12:H12) -> 0
A13: 6 | B13: JUNI | F13: 0 | G13: 0 | H13: 0 | I13: =SUM(C13:H13) -> 0
A14: 7 | B14: JULI | F14: 0 | G14: 0 | H14: 0 | I14: =SUM(C14:H14) -> 0
A15: 8 | B15: AGUSTUS | F15: 0 | G15: 0 | H15: 0 | I15: =SUM(C15:H15) -> 0
A16: 9 | B16: SEPTEMBER | F16: 0 | G16: 0 | H16: 0 | I16: =SUM(C16:H16) -> 0
A17: 10 | B17: OKTOBER | F17: 0 | G17: 0 | H17: 0 | I17: =SUM(C17:H17) -> 0
A18: 11 | B18: NOVEMBER | F18: 0 | G18: 0 | H18: 0 | I18: =SUM(C18:H18) -> 0
A19: 12 | B19: DESEMBER | F19: 0 | G19: 0 | H19: 0 | I19: =SUM(C19:H19) -> 0
A20: TOTAL | C20: =SUM(C8:C19) -> 65 | D20: =SUM(D8:D19) -> 8 | E20: =SUM(E8:E19) -> 20 | F20: =SUM(F8:F19) -> 0 | G20: =SUM(G8:G19) -> 0 | H20: =SUM(H8:H19) -> 0 | I20: =SUM(I8:I19) -> 93
A22: PELABUHAN UJUNG
A23: NO | B23: BULAN | C23: JENIS / UKURAN KAPAL | H23: RUSAK / BATAL | I23: JUMLAH
C24: PPK. 27 | D24: PPK. 29 | E24: KLM | F24: KL | G24: PI
A25: 1 | B25: JANUARI | C25: 0 | D25: 0 | E25: 1 | F25: 0 | G25: 0 | H25: 0 | I25: =SUM(C25:H25) -> 1
A26: 2 | B26: FEBRUARI | C26: 0 | D26: 0 | E26: 3 | F26: 0 | G26: 0 | H26: 0 | I26: =SUM(C26:H26) -> 3
A27: 3 | B27: MARET | C27: 0 | D27: 0 | F27: 0 | G27: 0 | H27: 0 | I27: =SUM(C27:H27) -> 0
A28: 4 | B28: APRIL | C28: 0 | D28: 0 | F28: 0 | G28: 0 | H28: 0 | I28: =SUM(C28:H28) -> 0
A29: 5 | B29: MEI | C29: 0 | D29: 0 | F29: 0 | G29: 0 | H29: 0 | I29: =SUM(C29:H29) -> 0
A30: 6 | B30: JUNI | C30: 0 | D30: 0 | F30: 0 | G30: 0 | H30: 0 | I30: =SUM(C30:H30) -> 0
A31: 7 | B31: JULI | C31: 0 | D31: 0 | F31: 0 | G31: 0 | H31: 0 | I31: =SUM(C31:H31) -> 0
A32: 8 | B32: AGUSTUS | C32: 0 | D32: 0 | F32: 0 | G32: 0 | H32: 0 | I32: =SUM(C32:H32) -> 0
A33: 9 | B33: SEPTEMBER | C33: 0 | D33: 0 | F33: 0 | G33: 0 | H33: 0 | I33: =SUM(C33:H33) -> 0
A34: 10 | B34: OKTOBER | C34: 0 | D34: 0 | F34: 0 | G34: 0 | H34: 0 | I34: =SUM(C34:H34) -> 0
A35: 11 | B35: NOVEMBER | C35: 0 | D35: 0 | F35: 0 | G35: 0 | H35: 0 | I35: =SUM(C35:H35) -> 0
A36: 12 | B36: DESEMBER | C36: 0 | D36: 0 | F36: 0 | G36: 0 | H36: 0 | I36: =SUM(C36:H36) -> 0
A37: TOTAL | C37: =SUM(C25:C36) -> 0 | D37: =SUM(D25:D36) -> 0 | E37: =SUM(E25:E36) -> 4 | F37: =SUM(F25:F36) -> 0 | G37: =SUM(G25:G36) -> 0 | H37: =SUM(H25:H36) -> 0 | I37: =SUM(I25:I36) -> 4
A39: PELABUHAN KAYUADI
A40: NO | B40: BULAN | C40: JENIS / UKURAN KAPAL | H40: RUSAK / BATAL | I40: JUMLAH
C41: PPK. 27 | D41: PPK. 29 | E41: KLM | F41: KL | G41: PI
A42: 1 | B42: JANUARI | C42: 12 | D42: 0 | E42: 3 | F42: 0 | G42: 0 | H42: 0 | I42: =SUM(C42:H42) -> 15
A43: 2 | B43: FEBRUARI | C43: 18 | D43: 0 | E43: 3 | F43: 0 | G43: 0 | H43: 0 | I43: =SUM(C43:H43) -> 21
A44: 3 | B44: MARET | F44: 0 | G44: 0 | H44: 0 | I44: =SUM(C44:H44) -> 0
A45: 4 | B45: APRIL | F45: 0 | G45: 0 | H45: 0 | I45: =SUM(C45:H45) -> 0
A46: 5 | B46: MEI | F46: 0 | G46: 0 | H46: 0 | I46: =SUM(C46:H46) -> 0
A47: 6 | B47: JUNI | F47: 0 | G47: 0 | H47: 0 | I47: =SUM(C47:H47) -> 0
A48: 7 | B48: JULI | F48: 0 | G48: 0 | H48: 0 | I48: =SUM(C48:H48) -> 0
A49: 8 | B49: AGUSTUS | F49: 0 | G49: 0 | H49: 0 | I49: =SUM(C49:H49) -> 0
A50: 9 | B50: SEPTEMBER | F50: 0 | G50: 0 | H50: 0 | I50: =SUM(C50:H50) -> 0
A51: 10 | B51: OKTOBER | F51: 0 | G51: 0 | H51: 0 | I51: =SUM(C51:H51) -> 0
A52: 11 | B52: NOVEMBER | F52: 0 | G52: 0 | H52: 0 | I52: =SUM(C52:H52) -> 0
A53: 12 | B53: DESEMBER | F53: 0 | G53: 0 | H53: 0 | I53: =SUM(C53:H53) -> 0
A54: TOTAL | C54: =SUM(C42:C53) -> 30 | D54: =SUM(D42:D53) -> 0 | E54: =SUM(E42:E53) -> 6 | F54: =SUM(F42:F53) -> 0 | G54: =SUM(G42:G53) -> 0 | H54: =SUM(H42:H53) -> 0 | I54: =SUM(I42:I53) -> 36
A56: PELABUHAN BONERATE
A57: NO | B57: BULAN | C57: JENIS / UKURAN KAPAL | H57: RUSAK / BATAL | I57: JUMLAH
C58: PPK. 27 | D58: PPK. 29 | E58: KLM | F58: KL | G58: PI
A59: 1 | B59: JANUARI | C59: 18 | D59: 0 | E59: 6 | F59: 0 | G59: 0 | H59: 0 | I59: =SUM(C59:H59) -> 24
A60: 2 | B60: FEBRUARI | C60: 27 | D60: 0 | E60: 6 | F60: 0 | G60: 0 | H60: 0 | I60: =SUM(C60:H60) -> 33
A61: 3 | B61: MARET | F61: 0 | G61: 0 | H61: 0 | I61: =SUM(C61:H61) -> 0
A62: 4 | B62: APRIL | F62: 0 | G62: 0 | H62: 0 | I62: =SUM(C62:H62) -> 0
A63: 5 | B63: MEI | F63: 0 | G63: 0 | H63: 0 | I63: =SUM(C63:H63) -> 0
A64: 6 | B64: JUNI | F64: 0 | G64: 0 | H64: 0 | I64: =SUM(C64:H64) -> 0
A65: 7 | B65: JULI | F65: 0 | G65: 0 | H65: 0 | I65: =SUM(C65:H65) -> 0
A66: 8 | B66: AGUSTUS | F66: 0 | G66: 0 | H66: 0 | I66: =SUM(C66:H66) -> 0
A67: 9 | B67: SEPTEMBER | F67: 0 | G67: 0 | H67: 0 | I67: =SUM(C67:H67) -> 0
A68: 10 | B68: OKTOBER | F68: 0 | G68: 0 | H68: 0 | I68: =SUM(C68:H68) -> 0
A69: 11 | B69: NOVEMBER | F69: 0 | G69: 0 | H69: 0 | I69: =SUM(C69:H69) -> 0
A70: 12 | B70: DESEMBER | F70: 0 | G70: 0 | H70: 0 | I70: =SUM(C70:H70) -> 0
A71: TOTAL | C71: =SUM(C59:C70) -> 45 | D71: =SUM(D59:D70) -> 0 | E71: =SUM(E59:E70) -> 12 | F71: =SUM(F59:F70) -> 0 | G71: =SUM(G59:G70) -> 0 | H71: =SUM(H59:H70) -> 0 | I71: =SUM(I59:I70) -> 57
A73: PELABUHAN KALAOTOA
A74: NO | B74: BULAN | C74: JENIS / UKURAN KAPAL | H74: RUSAK / BATAL | I74: JUMLAH
C75: PPK. 27 | D75: PPK. 29 | E75: KLM | F75: KL | G75: PI
A76: 1 | B76: JANUARI | C76: 8 | D76: 0 | E76: 2 | F76: 0 | G76: 0 | H76: 0 | I76: =SUM(C76:H76) -> 10
A77: 2 | B77: FEBRUARI | C77: 11 | D77: 0 | E77: 1 | F77: 0 | G77: 0 | H77: 0 | I77: =SUM(C77:H77) -> 12
A78: 3 | B78: MARET | F78: 0 | G78: 0 | H78: 0 | I78: =SUM(C78:H78) -> 0
A79: 4 | B79: APRIL | F79: 0 | G79: 0 | H79: 0 | I79: =SUM(C79:H79) -> 0
A80: 5 | B80: MEI | F80: 0 | G80: 0 | H80: 0 | I80: =SUM(C80:H80) -> 0
A81: 6 | B81: JUNI | F81: 0 | G81: 0 | H81: 0 | I81: =SUM(C81:H81) -> 0
A82: 7 | B82: JULI | F82: 0 | G82: 0 | H82: 0 | I82: =SUM(C82:H82) -> 0
A83: 8 | B83: AGUSTUS | F83: 0 | G83: 0 | H83: 0 | I83: =SUM(C83:H83) -> 0
A84: 9 | B84: SEPTEMBER | F84: 0 | G84: 0 | H84: 0 | I84: =SUM(C84:H84) -> 0
A85: 10 | B85: OKTOBER | F85: 0 | G85: 0 | H85: 0 | I85: =SUM(C85:H85) -> 0
A86: 11 | B86: NOVEMBER | F86: 0 | G86: 0 | H86: 0 | I86: =SUM(C86:H86) -> 0
A87: 12 | B87: DESEMBER | F87: 0 | G87: 0 | H87: 0 | I87: =SUM(C87:H87) -> 0
A88: TOTAL | C88: =SUM(C76:C87) -> 19 | D88: =SUM(D76:D87) -> 0 | E88: =SUM(E76:E87) -> 3 | F88: =SUM(F76:F87) -> 0 | G88: =SUM(G76:G87) -> 0 | H88: =SUM(H76:H87) -> 0 | I88: =SUM(I76:I87) -> 22
A90: PELABUHAN JINATO
A91: NO | B91: BULAN | C91: JENIS / UKURAN KAPAL | H91: RUSAK / BATAL | I91: JUMLAH
C92: PPK. 27 | D92: PPK. 29 | E92: KLM | F92: KL | G92: PI
A93: 1 | B93: JANUARI | C93: 12 | D93: 0 | E93: 1 | F93: 0 | G93: 0 | H93: 0 | I93: =SUM(C93:H93) -> 13
A94: 2 | B94: FEBRUARI | C94: 19 | D94: 1 | E94: 0 | F94: 0 | G94: 0 | H94: 0 | I94: =SUM(C94:H94) -> 20
A95: 3 | B95: MARET | F95: 0 | G95: 0 | H95: 0 | I95: =SUM(C95:H95) -> 0
A96: 4 | B96: APRIL | F96: 0 | G96: 0 | H96: 0 | I96: =SUM(C96:H96) -> 0
A97: 5 | B97: MEI | F97: 0 | G97: 0 | H97: 0 | I97: =SUM(C97:H97) -> 0
A98: 6 | B98: JUNI | F98: 0 | G98: 0 | H98: 0 | I98: =SUM(C98:H98) -> 0
A99: 7 | B99: JULI | F99: 0 | G99: 0 | H99: 0 | I99: =SUM(C99:H99) -> 0
A100: 8 | B100: AGUSTUS | F100: 0 | G100: 0 | H100: 0 | I100: =SUM(C100:H100) -> 0
A101: 9 | B101: SEPTEMBER | F101: 0 | G101: 0 | H101: 0 | I101: =SUM(C101:H101) -> 0
A102: 10 | B102: OKTOBER | F102: 0 | G102: 0 | H102: 0 | I102: =SUM(C102:H102) -> 0
A103: 11 | B103: NOVEMBER | F103: 0 | G103: 0 | H103: 0 | I103: =SUM(C103:H103) -> 0
A104: 12 | B104: DESEMBER | F104: 0 | G104: 0 | H104: 0 | I104: =SUM(C104:H104) -> 0
A105: TOTAL | C105: =SUM(C93:C104) -> 31 | D105: =SUM(D93:D104) -> 1 | E105: =SUM(E93:E104) -> 1 | F105: =SUM(F93:F104) -> 0 | G105: =SUM(G93:G104) -> 0 | H105: =SUM(H93:H104) -> 0 | I105: =SUM(I93:I104) -> 33
A107: JUMLAH TOTAL | C107: =SUM(C20,C37,C54,C71,C88,C105) -> 190 | D107: =SUM(D20,D37,D54,D71,D88,D105) -> 9 | E107: =SUM(E20,E37,E54,E71,E88,E105) -> 46 | F107: =SUM(F20,F37,F54,F71,F88,F105) -> 0 | G107: =SUM(G20,G37,G54,G71,G88,G105) -> 0 | H107: =SUM(H20,H37,H54,H71,H88,H105) -> 0 | I107: =SUM(I20,I37,I54,I71,I88,I105) -> 245

Sheet PELRA
A1: PELAYARAN RAKYAT (PELRA)
A2: UNIT PENYELENGGARA PELABUHAN KELAS III JAMPEA
A3: TAHUN 2026
A5: PELABUHAN JAMPEA
A6: NO | B6: BULAN | C6: JUMLAH KAPAL | D6: ISI KOTOR | E6: BARANG ( TON / M3 ) | I6: HEWAN | K6: PENUMPANG
E7: BONGKAR | G7: MUAT
E8: CARGO | F8: CURAH | G8: CARGO | H8: CURAH | I8: TURUN | J8: NAIK | K8: TURUN | L8: NAIK | M8: LANJUTAN
A9: 1 | B9: JANUARI | C9: 10 | D9: 959 | E9: 337 | F9: 80 | G9: 42 | H9: 0 | I9: 0 | J9: 1 | K9: 0 | L9: 0 | M9: 0
A10: 2 | B10: FEBRUARI | C10: 18 | D10: 1038 | E10: 432 | F10: 80 | G10: 181 | H10: 0 | I10: 0 | J10: 29 | K10: 23 | L10: 5 | M10: 0
A11: 3 | B11: MARET | F11: 80 | H11: 0 | I11: 0 | M11: 0
A12: 4 | B12: APRIL | F12: 80 | H12: 0 | I12: 0 | M12: 0
A13: 5 | B13: MEI | F13: 80 | H13: 0 | I13: 0 | M13: 0
A14: 6 | B14: JUNI | F14: 80 | H14: 0 | I14: 0 | M14: 0
A15: 7 | B15: JULI | F15: 80 | H15: 0 | I15: 0 | M15: 0
A16: 8 | B16: AGUSTUS | F16: 80 | H16: 0 | I16: 0 | M16: 0
A17: 9 | B17: SEPTEMBER | F17: 80 | H17: 0 | I17: 0 | M17: 0
A18: 10 | B18: OKTOBER | F18: 80 | H18: 0 | I18: 0 | M18: 0
A19: 11 | B19: NOVEMBER | F19: 80 | H19: 0 | I19: 0 | M19: 0
A20: 12 | B20: DESEMBER | F20: 80 | H20: 0 | I20: 0 | M20: 0
A21: TOTAL | C21: =SUM(C9:C20) -> 28 | D21: =SUM(D9:D20) -> 1997 | E21: =SUM(E9:E20) -> 769 | F21: =SUM(F9:F20) -> 960 | G21: =SUM(G9:G20) -> 223 | H21: =SUM(H9:H20) -> 0 | I21: =SUM(I9:I20) -> 0 | J21: =SUM(J9:J20) -> 30 | ... M21: =SUM(M9:M20) -> 0
A23: PELABUHAN UJUNG
A24: NO | B24: BULAN | C24: JUMLAH KAPAL | D24: ISI KOTOR | E24: BARANG ( TON / M3 ) | I24: HEWAN | K24: PENUMPANG
E25: BONGKAR | G25: MUAT
E26: CARGO | F26: CURAH | G26: CARGO | H26: CURAH | I26: TURUN | J26: NAIK | K26: TURUN | L26: NAIK | M26: LANJUTAN
A27: 1 | B27: JANUARI | C27: 1 | D27: 22 | E27: 0 | F27: 0 | G27: 25 | H27: 0 | I27: 0 | J27: 0 | K27: 0 | L27: 0 | M27: 0
A28: 2 | B28: FEBRUARI | C28: 3 | D28: 59 | E28: 0 | F28: 0 | G28: 69 | H28: 0 | I28: 0 | J28: 0 | K28: 0 | L28: 0 | M28: 0
A29: 3 | B29: MARET | E29: 0 | F29: 0 | H29: 0 | I29: 0 | J29: 0 | K29: 0 | L29: 0 | M29: 0
A30: 4 | B30: APRIL | E30: 0 | F30: 0 | H30: 0 | I30: 0 | J30: 0 | K30: 0 | L30: 0 | M30: 0
A31: 5 | B31: MEI | E31: 0 | F31: 0 | H31: 0 | I31: 0 | J31: 0 | K31: 0 | L31: 0 | M31: 0
A32: 6 | B32: JUNI | E32: 0 | F32: 0 | H32: 0 | I32: 0 | J32: 0 | K32: 0 | L32: 0 | M32: 0
A33: 7 | B33: JULI | E33: 0 | F33: 0 | H33: 0 | I33: 0 | J33: 0 | K33: 0 | L33: 0 | M33: 0
A34: 8 | B34: AGUSTUS | E34: 0 | F34: 0 | H34: 0 | I34: 0 | J34: 0 | K34: 0 | L34: 0 | M34: 0
A35: 9 | B35: SEPTEMBER | E35: 0 | F35: 0 | H35: 0 | I35: 0 | J35: 0 | K35: 0 | L35: 0 | M35: 0
A36: 10 | B36: OKTOBER | E36: 0 | F36: 0 | H36: 0 | I36: 0 | J36: 0 | K36: 0 | L36: 0 | M36: 0
A37: 11 | B37: NOVEMBER | E37: 0 | F37: 0 | H37: 0 | I37: 0 | J37: 0 | K37: 0 | L37: 0 | M37: 0
A38: 12 | B38: DESEMBER | E38: 0 | F38: 0 | H38: 0 | I38: 0 | J38: 0 | K38: 0 | L38: 0 | M38: 0
A39: TOTAL | C39: =SUM(C27:C38) -> 4 | D39: =SUM(D27:D38) -> 81 | E39: =SUM(E27:E38) -> 0 | F39: =SUM(F27:F38) -> 0 | G39: =SUM(G27:G38) -> 94 | H39: =SUM(H27:H38) -> 0 | I39: =SUM(I27:I38) -> 0 | J39: =SUM(J27:J38) -> 0 | ... M39: =SUM(M27:M38) -> 0
A41: PELABUHAN KAYUADI
A42: NO | B42: BULAN | C42: JUMLAH KAPAL | D42: ISI KOTOR | E42: BARANG ( TON / M3 ) | I42: HEWAN | K42: PENUMPANG
E43: BONGKAR | G43: MUAT
E44: CARGO | F44: CURAH | G44: CARGO | H44: CURAH | I44: TURUN | J44: NAIK | K44: TURUN | L44: NAIK | M44: LANJUTAN
A45: 1 | B45: JANUARI | C45: 3 | D45: 250 | E45: 69 | F45: 0 | G45: 30 | H45: 0 | I45: 0 | J45: 0 | K45: 0 | L45: 0 | M45: 0
A46: 2 | B46: FEBRUARI | C46: 3 | D46: 77 | E46: 28 | F46: 0 | G46: 50 | H46: 0 | I46: 0 | J46: 0 | K46: 0 | L46: 0 | M46: 0
A47: 3 | B47: MARET | F47: 0 | H47: 0 | I47: 0 | J47: 0 | K47: 0 | L47: 0 | M47: 0
A48: 4 | B48: APRIL | F48: 0 | H48: 0 | I48: 0 | J48: 0 | K48: 0 | L48: 0 | M48: 0
A49: 5 | B49: MEI | F49: 0 | H49: 0 | I49: 0 | J49: 0 | K49: 0 | L49: 0 | M49: 0
A50: 6 | B50: JUNI | F50: 0 | H50: 0 | I50: 0 | J50: 0 | K50: 0 | L50: 0 | M50: 0
A51: 7 | B51: JULI | F51: 0 | H51: 0 | I51: 0 | J51: 0 | K51: 0 | L51: 0 | M51: 0
A52: 8 | B52: AGUSTUS | F52: 0 | H52: 0 | I52: 0 | J52: 0 | K52: 0 | L52: 0 | M52: 0
A53: 9 | B53: SEPTEMBER | F53: 0 | H53: 0 | I53: 0 | J53: 0 | K53: 0 | L53: 0 | M53: 0
A54: 10 | B54: OKTOBER | F54: 0 | H54: 0 | I54: 0 | J54: 0 | K54: 0 | L54: 0 | M54: 0
A55: 11 | B55: NOVEMBER | F55: 0 | H55: 0 | I55: 0 | J55: 0 | K55: 0 | L55: 0 | M55: 0
A56: 12 | B56: DESEMBER | F56: 0 | H56: 0 | I56: 0 | J56: 0 | K56: 0 | L56: 0 | M56: 0
A57: TOTAL | C57: =SUM(C45:C56) -> 6 | D57: =SUM(D45:D56) -> 327 | E57: =SUM(E45:E56) -> 97 | F57: =SUM(F45:F56) -> 0 | G57: =SUM(G45:G56) -> 80 | H57: =SUM(H45:H56) -> 0 | I57: =SUM(I45:I56) -> 0 | J57: =SUM(J45:J56) -> 0 | ... M57: =SUM(M45:M56) -> 0
A59: PELABUHAN BONERATE
A60: NO | B60: BULAN | C60: JUMLAH KAPAL | D60: ISI KOTOR | E60: BARANG ( TON / M3 ) | I60: HEWAN | K60: PENUMPANG
E61: BONGKAR | G61: MUAT
E62: CARGO | F62: CURAH | G62: CARGO | H62: CURAH | I62: TURUN | J62: NAIK | K62: TURUN | L62: NAIK | M62: LANJUTAN
A63: 1 | B63: JANUARI | C63: 6 | D63: 516 | E63: 171 | F63: 0 | G63: 6 | H63: 0 | I63: 0 | J63: 50 | K63: 0 | L63: 0 | M63: 0
A64: 2 | B64: FEBRUARI | C64: 6 | D64: 801 | E64: 144 | F64: 0 | G64: 6 | H64: 0 | I64: 0 | J64: 30 | K64: 0 | L64: 0 | M64: 0
A65: 3 | B65: MARET | F65: 0 | H65: 0 | I65: 0 | K65: 0 | L65: 0 | M65: 0
A66: 4 | B66: APRIL | F66: 0 | H66: 0 | I66: 0 | K66: 0 | L66: 0 | M66: 0
A67: 5 | B67: MEI | F67: 0 | H67: 0 | I67: 0 | K67: 0 | L67: 0 | M67: 0
A68: 6 | B68: JUNI | F68: 0 | H68: 0 | I68: 0 | K68: 0 | L68: 0 | M68: 0
A69: 7 | B69: JULI | F69: 0 | H69: 0 | I69: 0 | K69: 0 | L69: 0 | M69: 0
A70: 8 | B70: AGUSTUS | F70: 0 | H70: 0 | I70: 0 | K70: 0 | L70: 0 | M70: 0
A71: 9 | B71: SEPTEMBER | F71: 0 | H71: 0 | I71: 0 | K71: 0 | L71: 0 | M71: 0
A72: 10 | B72: OKTOBER | F72: 0 | H72: 0 | I72: 0 | K72: 0 | L72: 0 | M72: 0
A73: 11 | B73: NOVEMBER | F73: 0 | H73: 0 | I73: 0 | K73: 0 | L73: 0 | M73: 0
A74: 12 | B74: DESEMBER | F74: 0 | H74: 0 | I74: 0 | K74: 0 | L74: 0 | M74: 0
A75: TOTAL | C75: =SUM(C63:C74) -> 12 | D75: =SUM(D63:D74) -> 1317 | E75: =SUM(E63:E74) -> 315 | F75: =SUM(F63:F74) -> 0 | G75: =SUM(G63:G74) -> 12 | H75: =SUM(H63:H74) -> 0 | I75: =SUM(I63:I74) -> 0 | J75: =SUM(J63:J74) -> 80 | ... M75: =SUM(M63:M74) -> 0
A77: PELABUHAN KALAOTOA
A78: NO | B78: BULAN | C78: JUMLAH KAPAL | D78: ISI KOTOR | E78: BARANG ( TON / M3 ) | I78: HEWAN | K78: PENUMPANG
E79: BONGKAR | G79: MUAT
E80: CARGO | F80: CURAH | G80: CARGO | H80: CURAH | I80: TURUN | J80: NAIK | K80: TURUN | L80: NAIK | M80: LANJUTAN
A81: 1 | B81: JANUARI | C81: 2 | D81: 290 | E81: 50 | F81: 0 | G81: 65 | H81: 0 | I81: 0 | J81: 0 | K81: 0 | L81: 0 | M81: 0
A82: 2 | B82: FEBRUARI | C82: 1 | D82: 45 | E82: 2 | F82: 0 | G82: 72 | H82: 0 | I82: 0 | J82: 0 | K82: 0 | L82: 0 | M82: 0
A83: 3 | B83: MARET | F83: 0 | H83: 0 | I83: 0 | K83: 0 | L83: 0 | M83: 0
A84: 4 | B84: APRIL | F84: 0 | H84: 0 | I84: 0 | K84: 0 | L84: 0 | M84: 0
A85: 5 | B85: MEI | F85: 0 | H85: 0 | I85: 0 | K85: 0 | L85: 0 | M85: 0
A86: 6 | B86: JUNI | F86: 0 | H86: 0 | I86: 0 | K86: 0 | L86: 0 | M86: 0
A87: 7 | B87: JULI | F87: 0 | H87: 0 | I87: 0 | K87: 0 | L87: 0 | M87: 0
A88: 8 | B88: AGUSTUS | F88: 0 | H88: 0 | I88: 0 | K88: 0 | L88: 0 | M88: 0
A89: 9 | B89: SEPTEMBER | F89: 0 | H89: 0 | I89: 0 | K89: 0 | L89: 0 | M89: 0
A90: 10 | B90: OKTOBER | F90: 0 | H90: 0 | I90: 0 | K90: 0 | L90: 0 | M90: 0
A91: 11 | B91: NOVEMBER | F91: 0 | H91: 0 | I91: 0 | K91: 0 | L91: 0 | M91: 0
A92: 12 | B92: DESEMBER | F92: 0 | H92: 0 | I92: 0 | K92: 0 | L92: 0 | M92: 0
A93: TOTAL | C93: =SUM(C81:C92) -> 3 | D93: =SUM(D81:D92) -> 335 | E93: =SUM(E81:E92) -> 52 | F93: =SUM(F81:F92) -> 0 | G93: =SUM(G81:G92) -> 137 | H93: =SUM(H81:H92) -> 0 | I93: =SUM(I81:I92) -> 0 | J93: =SUM(J81:J92) -> 0 | ... M93: =SUM(M81:M92) -> 0
A95: PELABUHAN JINATO
A96: NO | B96: BULAN | C96: JUMLAH KAPAL | D96: ISI KOTOR | E96: BARANG ( TON / M3 ) | I96: HEWAN | K96: PENUMPANG
E97: BONGKAR | G97: MUAT
E98: CARGO | F98: CURAH | G98: CARGO | H98: CURAH | I98: TURUN | J98: NAIK | K98: TURUN | L98: NAIK | M98: LANJUTAN
A99: 1 | B99: JANUARI | C99: 1 | D99: 164 | E99: 360 | F99: 0 | G99: 0 | H99: 0 | I99: 0 | J99: 0 | K99: 0 | L99: 0 | M99: 0
A100: 2 | B100: FEBRUARI | C100: 0 | D100: 0 | E100: 0 | F100: 0 | G100: 0 | H100: 0 | I100: 0 | J100: 0 | K100: 0 | L100: 0 | M100: 0
A101: 3 | B101: MARET | F101: 0 | H101: 0 | I101: 0 | J101: 0 | K101: 0 | L101: 0 | M101: 0
A102: 4 | B102: APRIL | F102: 0 | H102: 0 | I102: 0 | J102: 0 | K102: 0 | L102: 0 | M102: 0
A103: 5 | B103: MEI | F103: 0 | H103: 0 | I103: 0 | J103: 0 | K103: 0 | L103: 0 | M103: 0
A104: 6 | B104: JUNI | F104: 0 | H104: 0 | I104: 0 | J104: 0 | K104: 0 | L104: 0 | M104: 0
A105: 7 | B105: JULI | F105: 0 | H105: 0 | I105: 0 | J105: 0 | K105: 0 | L105: 0 | M105: 0
A106: 8 | B106: AGUSTUS | F106: 0 | H106: 0 | I106: 0 | J106: 0 | K106: 0 | L106: 0 | M106: 0
...

Sheet PERINTIS
A1: PERINTIS
A2: UNIT PENYELENGGARA PELABUHAN KELAS III JAMPEA
A3: TAHUN 2026
A5: PELABUHAN JAMPEA
A6: NO | B6: BULAN | C6: JUMLAH KAPAL | D6: ISI KOTOR | E6: BARANG ( TON / M3 ) | I6: PENUMPANG | L6: MOTOR
E7: BONGKAR | G7: MUAT
E8: CARGO | F8: CURAH | G8: CARGO | H8: CURAH | I8: TURUN | J8: NAIK | K8: LANJUTAN | L8: TURUN | M8: NAIK
A9: 1 | B9: JANUARI | C9: 11 | D9: 21359 | E9: 4 | F9: 0 | G9: 1 | H9: 0 | I9: 867 | J9: 321 | K9: 679 | L9: 4 | M9: 6
A10: 2 | B10: FEBRUARI | C10: 11 | D10: 21359 | E10: 14 | F10: 0 | G10: 3 | H10: 0 | I10: 390 | J10: 275 | K10: 575 | L10: 4 | M10: 8
A11: 3 | B11: MARET | F11: 0 | H11: 0
A12: 4 | B12: APRIL | F12: 0 | H12: 0
A13: 5 | B13: MEI | F13: 0 | H13: 0
A14: 6 | B14: JUNI | F14: 0 | H14: 0
A15: 7 | B15: JULI | F15: 0 | H15: 0
A16: 8 | B16: AGUSTUS | F16: 0 | H16: 0
A17: 9 | B17: SEPTEMBER | F17: 0 | H17: 0
A18: 10 | B18: OKTOBER | F18: 0 | H18: 0
A19: 11 | B19: NOVEMBER | F19: 0 | H19: 0
A20: 12 | B20: DESEMBER | F20: 0 | H20: 0
A21: TOTAL | C21: =SUM(C9:C20) -> 22 | D21: =SUM(D9:D20) -> 42718 | E21: =SUM(E9:E20) -> 18 | F21: =SUM(F9:F20) -> 0 | G21: =SUM(G9:G20) -> 4 | H21: =SUM(H9:H20) -> 0 | I21: =SUM(I9:I20) -> 1257 | J21: =SUM(J9:J20) -> 596 | ... M21: =SUM(M9:M20) -> 14
A23: PELABUHAN UJUNG
A24: NO | B24: BULAN | C24: JUMLAH KAPAL | D24: ISI KOTOR | E24: BARANG ( TON / M3 ) | I24: PENUMPANG | L24: MOTOR
E25: BONGKAR | G25: MUAT
E26: CARGO | F26: CURAH | G26: CARGO | H26: CURAH | I26: TURUN | J26: NAIK | K26: LANJUTAN | L26: TURUN | M26: NAIK
A27: 1 | B27: JANUARI | C27: 0 | D27: 0 | E27: 0 | F27: 0 | G27: 0 | H27: 0 | I27: 0 | J27: 0 | K27: 0 | L27: 0 | M27: 0
A28: 2 | B28: FEBRUARI | C28: 0 | D28: 0 | E28: 0 | F28: 0 | G28: 0 | H28: 0 | I28: 0 | J28: 0 | K28: 0 | L28: 0 | M28: 0
A29: 3 | B29: MARET | C29: 0 | D29: 0 | E29: 0 | F29: 0 | G29: 0 | H29: 0 | I29: 0 | J29: 0 | K29: 0 | L29: 0 | M29: 0
A30: 4 | B30: APRIL | C30: 0 | D30: 0 | E30: 0 | F30: 0 | G30: 0 | H30: 0 | I30: 0 | J30: 0 | K30: 0 | L30: 0 | M30: 0
A31: 5 | B31: MEI | C31: 0 | D31: 0 | E31: 0 | F31: 0 | G31: 0 | H31: 0 | I31: 0 | J31: 0 | K31: 0 | L31: 0 | M31: 0
A32: 6 | B32: JUNI | C32: 0 | D32: 0 | E32: 0 | F32: 0 | G32: 0 | H32: 0 | I32: 0 | J32: 0 | K32: 0 | L32: 0 | M32: 0
A33: 7 | B33: JULI | C33: 0 | D33: 0 | E33: 0 | F33: 0 | G33: 0 | H33: 0 | I33: 0 | J33: 0 | K33: 0 | L33: 0 | M33: 0
A34: 8 | B34: AGUSTUS | C34: 0 | D34: 0 | E34: 0 | F34: 0 | G34: 0 | H34: 0 | I34: 0 | J34: 0 | K34: 0 | L34: 0 | M34: 0
A35: 9 | B35: SEPTEMBER | C35: 0 | D35: 0 | E35: 0 | F35: 0 | G35: 0 | H35: 0 | I35: 0 | J35: 0 | K35: 0 | L35: 0 | M35: 0
A36: 10 | B36: OKTOBER | C36: 0 | D36: 0 | E36: 0 | F36: 0 | G36: 0 | H36: 0 | I36: 0 | J36: 0 | K36: 0 | L36: 0 | M36: 0
A37: 11 | B37: NOVEMBER | C37: 0 | D37: 0 | E37: 0 | F37: 0 | G37: 0 | H37: 0 | I37: 0 | J37: 0 | K37: 0 | L37: 0 | M37: 0
A38: 12 | B38: DESEMBER | C38: 0 | D38: 0 | E38: 0 | F38: 0 | G38: 0 | H38: 0 | I38: 0 | J38: 0 | K38: 0 | L38: 0 | M38: 0
A39: TOTAL | C39: =SUM(C27:C38) -> 0 | D39: =SUM(D27:D38) -> 0 | E39: =SUM(E27:E38) -> 0 | F39: =SUM(F27:F38) -> 0 | G39: =SUM(G27:G38) -> 0 | H39: =SUM(H27:H38) -> 0 | I39: =SUM(I27:I38) -> 0 | J39: =SUM(J27:J38) -> 0 | ... M39: =SUM(M27:M38) -> 0
A41: PELABUHAN KAYUADI
A42: NO | B42: BULAN | C42: JUMLAH KAPAL | D42: ISI KOTOR | E42: BARANG ( TON / M3 ) | I42: PENUMPANG | L42: MOTOR
E43: BONGKAR | G43: MUAT
E44: CARGO | F44: CURAH | G44: CARGO | H44: CURAH | I44: TURUN | J44: NAIK | K44: LANJUTAN | L44: TURUN | M44: NAIK
A45: 1 | B45: JANUARI | C45: 5 | D45: 10485 | E45: 0 | F45: 0 | G45: 0 | H45: 0 | I45: 295 | J45: 126 | K45: 942 | L45: 0 | M45: 0
A46: 2 | B46: FEBRUARI | C46: 5 | D46: 10485 | E46: 0 | F46: 0 | G46: 0 | H46: 0 | I46: 110 | J46: 171 | K46: 790 | L46: 0 | M46: 0
A47: 3 | B47: MARET | F47: 0 | H47: 0 | L47: 0 | M47: 0
A48: 4 | B48: APRIL | F48: 0 | H48: 0 | L48: 0 | M48: 0
A49: 5 | B49: MEI | F49: 0 | H49: 0 | L49: 0 | M49: 0
A50: 6 | B50: JUNI | F50: 0 | H50: 0 | L50: 0 | M50: 0
A51: 7 | B51: JULI | F51: 0 | H51: 0 | L51: 0 | M51: 0
A52: 8 | B52: AGUSTUS | F52: 0 | H52: 0 | L52: 0 | M52: 0
A53: 9 | B53: SEPTEMBER | F53: 0 | H53: 0 | L53: 0 | M53: 0
A54: 10 | B54: OKTOBER | F54: 0 | H54: 0 | L54: 0 | M54: 0
A55: 11 | B55: NOVEMBER | F55: 0 | H55: 0 | L55: 0 | M55: 0
A56: 12 | B56: DESEMBER | F56: 0 | H56: 0 | L56: 0 | M56: 0
A57: TOTAL | C57: =SUM(C45:C56) -> 10 | D57: =SUM(D45:D56) -> 20970 | E57: =SUM(E45:E56) -> 0 | F57: =SUM(F45:F56) -> 0 | G57: =SUM(G45:G56) -> 0 | H57: =SUM(H45:H56) -> 0 | I57: =SUM(I45:I56) -> 405 | J57: =SUM(J45:J56) -> 297 | ... M57: =SUM(M45:M56) -> 0
A59: PELABUHAN BONERATE
A60: NO | B60: BULAN | C60: JUMLAH KAPAL | D60: ISI KOTOR | E60: BARANG ( TON / M3 ) | I60: PENUMPANG | L60: MOTOR
E61: BONGKAR | G61: MUAT
E62: CARGO | F62: CURAH | G62: CARGO | H62: CURAH | I62: TURUN | J62: NAIK | K62: LANJUTAN | L62: TURUN | M62: NAIK
A63: 1 | B63: JANUARI | C63: 10 | D63: 14366 | E63: 0 | F63: 0 | G63: 0 | H63: 0 | I63: 714 | J63: 297 | K63: 671 | L63: 0 | M63: 0
A64: 2 | B64: FEBRUARI | C64: 15 | D64: 17680 | E64: 0 | F64: 0 | G64: 0 | H64: 0 | I64: 454 | J64: 301 | K64: 458 | L64: 2 | M64: 0
A65: 3 | B65: MARET | F65: 0 | H65: 0
A66: 4 | B66: APRIL | F66: 0 | H66: 0
A67: 5 | B67: MEI | F67: 0 | H67: 0
A68: 6 | B68: JUNI | F68: 0 | H68: 0
A69: 7 | B69: JULI | F69: 0 | H69: 0
A70: 8 | B70: AGUSTUS | F70: 0 | H70: 0
A71: 9 | B71: SEPTEMBER | F71: 0 | H71: 0
A72: 10 | B72: OKTOBER | F72: 0 | H72: 0
A73: 11 | B73: NOVEMBER | F73: 0 | H73: 0
A74: 12 | B74: DESEMBER | F74: 0 | H74: 0
A75: TOTAL | C75: =SUM(C63:C74) -> 25 | D75: =SUM(D63:D74) -> 32046 | E75: =SUM(E63:E74) -> 0 | F75: =SUM(F63:F74) -> 0 | G75: =SUM(G63:G74) -> 0 | H75: =SUM(H63:H74) -> 0 | I75: =SUM(I63:I74) -> 1168 | J75: =SUM(J63:J74) -> 598 | ... M75: =SUM(M63:M74) -> 0
A77: PELABUHAN KALAOTOA
A78: NO | B78: BULAN | C78: JUMLAH KAPAL | D78: ISI KOTOR | E78: BARANG ( TON / M3 ) | I78: PENUMPANG | L78: MOTOR
E79: BONGKAR | G79: MUAT
E80: CARGO | F80: CURAH | G80: CARGO | H80: CURAH | I80: TURUN | J80: NAIK | K80: LANJUTAN | L80: TURUN | M80: NAIK
A81: 1 | B81: JANUARI | C81: 4 | D81: 8388 | E81: 4 | F81: 0 | G81: 0 | H81: 0 | I81: 502 | J81: 287 | K81: 52 | L81: 0 | M81: 0
A82: 2 | B82: FEBRUARI | C82: 5 | D82: 10485 | E82: 2 | F82: 0 | G82: 72 | H82: 0 | I82: 341 | J82: 272 | K82: 79 | L82: 0 | M82: 0
A83: 3 | B83: MARET | F83: 0 | G83: 0 | H83: 0 | L83: 0 | M83: 0
A84: 4 | B84: APRIL | F84: 0 | G84: 0 | H84: 0 | L84: 0 | M84: 0
A85: 5 | B85: MEI | F85: 0 | G85: 0 | H85: 0 | L85: 0 | M85: 0
A86: 6 | B86: JUNI | F86: 0 | G86: 0 | H86: 0 | L86: 0 | M86: 0
A87: 7 | B87: JULI | F87: 0 | G87: 0 | H87: 0 | L87: 0 | M87: 0
A88: 8 | B88: AGUSTUS | F88: 0 | G88: 0 | H88: 0 | L88: 0 | M88: 0
A89: 9 | B89: SEPTEMBER | F89: 0 | G89: 0 | H89: 0 | L89: 0 | M89: 0
A90: 10 | B90: OKTOBER | F90: 0 | G90: 0 | H90: 0 | L90: 0 | M90: 0
A91: 11 | B91: NOVEMBER | F91: 0 | G91: 0 | H91: 0 | L91: 0 | M91: 0
A92: 12 | B92: DESEMBER | F92: 0 | G92: 0 | H92: 0 | L92: 0 | M92: 0
A93: TOTAL | C93: =SUM(C81:C92) -> 9 | D93: =SUM(D81:D92) -> 18873 | E93: =SUM(E81:E92) -> 6 | F93: =SUM(F81:F92) -> 0 | G93: =SUM(G81:G92) -> 72 | H93: =SUM(H81:H92) -> 0 | I93: =SUM(I81:I92) -> 843 | J93: =SUM(J81:J92) -> 559 | ... M93: =SUM(M81:M92) -> 0
A95: PELABUHAN JINATO
A96: NO | B96: BULAN | C96: JUMLAH KAPAL | D96: ISI KOTOR | E96: BARANG ( TON / M3 ) | I96: PENUMPANG | L96: MOTOR
E97: BONGKAR | G97: MUAT
E98: CARGO | F98: CURAH | G98: CARGO | H98: CURAH | I98: TURUN | J98: NAIK | K98: LANJUTAN | L98: TURUN | M98: NAIK
A99: 1 | B99: JANUARI | C99: 5 | D99: 10485 | E99: 7 | F99: 0 | G99: 0 | H99: 0 | I99: 125 | J99: 104 | K99: 1236 | L99: 0 | M99: 0
A100: 2 | B100: FEBRUARI | C100: 5 | D100: 10485 | E100: 1 | F100: 0 | G100: 0 | H100: 0 | I100: 98 | J100: 113 | K100: 935 | L100: 0 | M100: 0
A101: 3 | B101: MARET | F101: 0 | H101: 0 | L101: 0 | M101: 0
A102: 4 | B102: APRIL | F102: 0 | H102: 0 | L102: 0 | M102: 0
A103: 5 | B103: MEI | F103: 0 | H103: 0 | L103: 0 | M103: 0
A104: 6 | B104: JUNI | F104: 0 | H104: 0 | L104: 0 | M104: 0
A105: 7 | B105: JULI | F105: 0 | H105: 0 | L105: 0 | M105: 0
A106: 8 | B106: AGUSTUS | F106: 0 | H106: 0 | L106: 0 | M106: 0
...

Sheet ANGKUTAN PENYEBRANGAN
A1: ANGKUTAN PENYEBRANGAN
A2: UNIT PENYELENGGARA PELABUHAN KELAS III JAMPEA
A3: TAHUN 2026
A5: PELABUHAN JAMPEA
A6: NO | B6: BULAN | C6: JUMLAH KAPAL | D6: ISI KOTOR | E6: KENDARAAN | I6: PENUMPANG
E7: TURUN | G7: NAIK
E8: MOBIL | F8: MOTOR | G8: MOBIL | H8: MOTOR | I8: TURUN | J8: NAIK | K8: LANJUTAN
A9: 1 | B9: JANUARI | C9: 13 | D9: 9254 | E9: 17 | F9: 102 | G9: 16 | H9: 44 | I9: 526 | J9: 199 | K9: 339
A10: 2 | B10: FEBRUARI | C10: 25 | D10: 17666 | E10: 29 | F10: 108 | G10: 25 | H10: 41 | I10: 567 | J10: 297 | K10: 484
A11: 3 | B11: MARET
A12: 4 | B12: APRIL
A13: 5 | B13: MEI
A14: 6 | B14: JUNI
A15: 7 | B15: JULI
A16: 8 | B16: AGUSTUS
A17: 9 | B17: SEPTEMBER
A18: 10 | B18: OKTOBER
A19: 11 | B19: NOVEMBER
A20: 12 | B20: DESEMBER
A21: TOTAL | C21: =SUM(C9:C20) -> 38 | D21: =SUM(D9:D20) -> 26920 | E21: =SUM(E9:E20) -> 46 | F21: =SUM(F9:F20) -> 210 | G21: =SUM(G9:G20) -> 41 | H21: =SUM(H9:H20) -> 85 | I21: =SUM(I9:I20) -> 1093 | J21: =SUM(J9:J20) -> 496 | K21: =SUM(K9:K20) -> 823
A23: PELABUHAN UJUNG
A24: NO | B24: BULAN | C24: JUMLAH KAPAL | D24: ISI KOTOR | E24: KENDARAAN | I24: PENUMPANG
E25: TURUN | G25: NAIK
E26: MOBIL | F26: MOTOR | G26: MOBIL | H26: MOTOR | I26: TURUN | J26: NAIK | K26: LANJUTAN
A27: 1 | B27: JANUARI | C27: 0 | D27: 0 | E27: 0 | F27: 0 | G27: 0 | H27: 0 | I27: 0 | J27: 0 | K27: 0
A28: 2 | B28: FEBRUARI | C28: 0 | D28: 0 | E28: 0 | F28: 0 | G28: 0 | H28: 0 | I28: 0 | J28: 0 | K28: 0
A29: 3 | B29: MARET | C29: 0 | D29: 0 | E29: 0 | F29: 0 | G29: 0 | H29: 0 | I29: 0 | J29: 0 | K29: 0
A30: 4 | B30: APRIL | C30: 0 | D30: 0 | E30: 0 | F30: 0 | G30: 0 | H30: 0 | I30: 0 | J30: 0 | K30: 0
A31: 5 | B31: MEI | C31: 0 | D31: 0 | E31: 0 | F31: 0 | G31: 0 | H31: 0 | I31: 0 | J31: 0 | K31: 0
A32: 6 | B32: JUNI | C32: 0 | D32: 0 | E32: 0 | F32: 0 | G32: 0 | H32: 0 | I32: 0 | J32: 0 | K32: 0
A33: 7 | B33: JULI | C33: 0 | D33: 0 | E33: 0 | F33: 0 | G33: 0 | H33: 0 | I33: 0 | J33: 0 | K33: 0
A34: 8 | B34: AGUSTUS | C34: 0 | D34: 0 | E34: 0 | F34: 0 | G34: 0 | H34: 0 | I34: 0 | J34: 0 | K34: 0
A35: 9 | B35: SEPTEMBER | C35: 0 | D35: 0 | E35: 0 | F35: 0 | G35: 0 | H35: 0 | I35: 0 | J35: 0 | K35: 0
A36: 10 | B36: OKTOBER | C36: 0 | D36: 0 | E36: 0 | F36: 0 | G36: 0 | H36: 0 | I36: 0 | J36: 0 | K36: 0
A37: 11 | B37: NOVEMBER | C37: 0 | D37: 0 | E37: 0 | F37: 0 | G37: 0 | H37: 0 | I37: 0 | J37: 0 | K37: 0
A38: 12 | B38: DESEMBER | C38: 0 | D38: 0 | E38: 0 | F38: 0 | G38: 0 | H38: 0 | I38: 0 | J38: 0 | K38: 0
A39: TOTAL | C39: =SUM(C27:C38) -> 0 | D39: =SUM(D27:D38) -> 0 | E39: =SUM(E27:E38) -> 0 | F39: =SUM(F27:F38) -> 0 | G39: =SUM(G27:G38) -> 0 | H39: =SUM(H27:H38) -> 0 | I39: =SUM(I27:I38) -> 0 | J39: =SUM(J27:J38) -> 0 | K39: =SUM(K27:K38) -> 0
A41: PELABUHAN KAYUADI
A42: NO | B42: BULAN | C42: JUMLAH KAPAL | D42: ISI KOTOR | E42: KENDARAAN | I42: PENUMPANG
E43: TURUN | G43: NAIK
E44: MOBIL | F44: MOTOR | G44: MOBIL | H44: MOTOR | I44: TURUN | J44: NAIK | K44: LANJUTAN
A45: 1 | B45: JANUARI | C45: 7 | D45: 5894 | E45: 0 | F45: 78 | G45: 0 | H45: 51 | I45: 299 | J45: 170 | K45: 413
A46: 2 | B46: FEBRUARI | C46: 13 | D46: 10946 | E46: 0 | F46: 74 | G46: 0 | H46: 99 | I46: 271 | J46: 260 | K46: 538
A47: 3 | B47: MARET
A48: 4 | B48: APRIL
A49: 5 | B49: MEI
A50: 6 | B50: JUNI
A51: 7 | B51: JULI
A52: 8 | B52: AGUSTUS
A53: 9 | B53: SEPTEMBER
A54: 10 | B54: OKTOBER
A55: 11 | B55: NOVEMBER
A56: 12 | B56: DESEMBER
A57: TOTAL | C57: =SUM(C45:C56) -> 20 | D57: =SUM(D45:D56) -> 16840 | E57: =SUM(E45:E56) -> 0 | F57: =SUM(F45:F56) -> 152 | G57: =SUM(G45:G56) -> 0 | H57: =SUM(H45:H56) -> 150 | I57: =SUM(I45:I56) -> 570 | J57: =SUM(J45:J56) -> 430 | K57: =SUM(K45:K56) -> 951
A59: PELABUHAN BONERATE
A60: NO | B60: BULAN | C60: JUMLAH KAPAL | D60: ISI KOTOR | E60: KENDARAAN | I60: PENUMPANG
E61: TURUN | G61: NAIK
E62: MOBIL | F62: MOTOR | G62: MOBIL | H62: MOTOR | I62: TURUN | J62: NAIK | K62: LANJUTAN
A63: 1 | B63: JANUARI | C63: 8 | D63: 6736 | E63: 4 | F63: 14 | G63: 1 | H63: 9 | I63: 71 | J63: 67 | K63: 113
A64: 2 | B64: FEBRUARI | C64: 12 | D64: 10104 | E64: 2 | F64: 12 | G64: 2 | H64: 3 | I64: 73 | J64: 63 | K64: 175
A65: 3 | B65: MARET
A66: 4 | B66: APRIL
A67: 5 | B67: MEI
A68: 6 | B68: JUNI
A69: 7 | B69: JULI
A70: 8 | B70: AGUSTUS
A71: 9 | B71: SEPTEMBER
A72: 10 | B72: OKTOBER
A73: 11 | B73: NOVEMBER
A74: 12 | B74: DESEMBER
A75: TOTAL | C75: =SUM(C63:C74) -> 20 | D75: =SUM(D63:D74) -> 16840 | E75: =SUM(E63:E74) -> 6 | F75: =SUM(F63:F74) -> 26 | G75: =SUM(G63:G74) -> 3 | H75: =SUM(H63:H74) -> 12 | I75: =SUM(I63:I74) -> 144 | J75: =SUM(J63:J74) -> 130 | K75: =SUM(K63:K74) -> 288
A77: PELABUHAN KALAOTOA
A78: NO | B78: BULAN | C78: JUMLAH KAPAL | D78: ISI KOTOR | E78: KENDARAAN | I78: PENUMPANG
E79: TURUN | G79: NAIK
E80: MOBIL | F80: MOTOR | G80: MOBIL | H80: MOTOR | I80: TURUN | J80: NAIK | K80: LANJUTAN
A81: 1 | B81: JANUARI | C81: 4 | D81: 3368 | E81: 1 | F81: 15 | G81: 1 | H81: 9 | I81: 69 | J81: 81 | K81: 0
A82: 2 | B82: FEBRUARI | C82: 6 | D82: 5052 | E82: 1 | F82: 12 | G82: 1 | H82: 14 | I82: 136 | J82: 106 | K82: 0
A83: 3 | B83: MARET | K83: 0
A84: 4 | B84: APRIL | K84: 0
A85: 5 | B85: MEI | K85: 0
A86: 6 | B86: JUNI | K86: 0
A87: 7 | B87: JULI | K87: 0
A88: 8 | B88: AGUSTUS | K88: 0
A89: 9 | B89: SEPTEMBER | K89: 0
A90: 10 | B90: OKTOBER | K90: 0
A91: 11 | B91: NOVEMBER | K91: 0
A92: 12 | B92: DESEMBER | K92: 0
A93: TOTAL | C93: =SUM(C81:C92) -> 10 | D93: =SUM(D81:D92) -> 8420 | E93: =SUM(E81:E92) -> 2 | F93: =SUM(F81:F92) -> 27 | G93: =SUM(G81:G92) -> 2 | H93: =SUM(H81:H92) -> 23 | I93: =SUM(I81:I92) -> 205 | J93: =SUM(J81:J92) -> 187 | K93: =SUM(K81:K92) -> 0
A95: PELABUHAN JINATO
A96: NO | B96: BULAN | C96: JUMLAH KAPAL | D96: ISI KOTOR | E96: KENDARAAN | I96: PENUMPANG
E97: TURUN | G97: NAIK
E98: MOBIL | F98: MOTOR | G98: MOBIL | H98: MOTOR | I98: TURUN | J98: NAIK | K98: LANJUTAN
A99: 1 | B99: JANUARI | C99: 7 | D99: 5894 | E99: 0 | F99: 0 | G99: 0 | H99: 0 | I99: 55 | J99: 44 | K99: 423
A100: 2 | B100: FEBRUARI | C100: 13 | D100: 10946 | E100: 0 | F100: 0 | G100: 0 | H100: 0 | I100: 46 | J100: 44 | K100: 533
A101: 3 | B101: MARET
A102: 4 | B102: APRIL
A103: 5 | B103: MEI
A104: 6 | B104: JUNI
A105: 7 | B105: JULI
A106: 8 | B106: AGUSTUS
...

Sheet ANGKUTAN LAUT DALAM NEGERI
A1: ANGKUTAN LAUT DALAM NEGERI
A2: UNIT PENYELENGGARA PELABUHAN KELAS III JAMPEA
A3: TAHUN 2026
A5: PELABUHAN JAMPEA
A6: NO | B6: BULAN | C6: JUMLAH KAPAL | D6: ISI KOTOR | E6: BARANG ( TON / M3 ) | I6: PENUMPANG
E7: BONGKAR | G7: MUAT
E8: CARGO | F8: CURAH | G8: CARGO | H8: CURAH | I8: TURUN | J8: NAIK | K8: LANJUTAN
A9: 1 | B9: JANUARI | C9: 3 | D9: 1939 | E9: 0 | F9: 0 | G9: 0 | H9: 0 | I9: 0 | J9: 0 | K9: 0
A10: 2 | B10: FEBRUARI | C10: 1 | D10: 643 | E10: 0 | F10: 0 | G10: 0 | H10: 0 | I10: 0 | J10: 0 | K10: 0
A11: 3 | B11: MARET | E11: 0 | F11: 0 | G11: 0 | H11: 0 | I11: 0 | J11: 0 | K11: 0
A12: 4 | B12: APRIL | E12: 0 | F12: 0 | G12: 0 | H12: 0 | I12: 0 | J12: 0 | K12: 0
A13: 5 | B13: MEI | E13: 0 | F13: 0 | G13: 0 | H13: 0 | I13: 0 | J13: 0 | K13: 0
A14: 6 | B14: JUNI | E14: 0 | F14: 0 | G14: 0 | H14: 0 | I14: 0 | J14: 0 | K14: 0
A15: 7 | B15: JULI | E15: 0 | F15: 0 | G15: 0 | H15: 0 | I15: 0 | J15: 0 | K15: 0
A16: 8 | B16: AGUSTUS | E16: 0 | F16: 0 | G16: 0 | H16: 0 | I16: 0 | J16: 0 | K16: 0
A17: 9 | B17: SEPTEMBER | E17: 0 | F17: 0 | G17: 0 | H17: 0 | I17: 0 | J17: 0 | K17: 0
A18: 10 | B18: OKTOBER | E18: 0 | F18: 0 | G18: 0 | H18: 0 | I18: 0 | J18: 0 | K18: 0
A19: 11 | B19: NOVEMBER | E19: 0 | F19: 0 | G19: 0 | H19: 0 | I19: 0 | J19: 0 | K19: 0
A20: 12 | B20: DESEMBER | E20: 0 | F20: 0 | G20: 0 | H20: 0 | I20: 0 | J20: 0 | K20: 0
A21: TOTAL | C21: =SUM(C9:C20) -> 4 | D21: =SUM(D9:D20) -> 2582 | E21: =SUM(E9:E20) -> 0 | F21: =SUM(F9:F20) -> 0 | G21: =SUM(G9:G20) -> 0 | H21: =SUM(H9:H20) -> 0 | I21: =SUM(I9:I20) -> 0 | J21: =SUM(J9:J20) -> 0 | K21: =SUM(K9:K20) -> 0
A23: PELABUHAN UJUNG
A24: NO | B24: BULAN | C24: JUMLAH KAPAL | D24: ISI KOTOR | E24: BARANG ( TON / M3 ) | I24: PENUMPANG
E25: BONGKAR | G25: MUAT
E26: CARGO | F26: CURAH | G26: CARGO | H26: CURAH | I26: TURUN | J26: NAIK | K26: LANJUTAN
A27: 1 | B27: JANUARI | C27: 0 | D27: 0 | E27: 0 | F27: 0 | G27: 0 | H27: 0 | I27: 0 | J27: 0 | K27: 0
A28: 2 | B28: FEBRUARI | C28: 0 | D28: 0 | E28: 0 | F28: 0 | G28: 0 | H28: 0 | I28: 0 | J28: 0 | K28: 0
A29: 3 | B29: MARET | C29: 0 | D29: 0 | E29: 0 | F29: 0 | G29: 0 | H29: 0 | I29: 0 | J29: 0 | K29: 0
A30: 4 | B30: APRIL | C30: 0 | D30: 0 | E30: 0 | F30: 0 | G30: 0 | H30: 0 | I30: 0 | J30: 0 | K30: 0
A31: 5 | B31: MEI | C31: 0 | D31: 0 | E31: 0 | F31: 0 | G31: 0 | H31: 0 | I31: 0 | J31: 0 | K31: 0
A32: 6 | B32: JUNI | C32: 0 | D32: 0 | E32: 0 | F32: 0 | G32: 0 | H32: 0 | I32: 0 | J32: 0 | K32: 0
A33: 7 | B33: JULI | C33: 0 | D33: 0 | E33: 0 | F33: 0 | G33: 0 | H33: 0 | I33: 0 | J33: 0 | K33: 0
A34: 8 | B34: AGUSTUS | C34: 0 | D34: 0 | E34: 0 | F34: 0 | G34: 0 | H34: 0 | I34: 0 | J34: 0 | K34: 0
A35: 9 | B35: SEPTEMBER | C35: 0 | D35: 0 | E35: 0 | F35: 0 | G35: 0 | H35: 0 | I35: 0 | J35: 0 | K35: 0
A36: 10 | B36: OKTOBER | C36: 0 | D36: 0 | E36: 0 | F36: 0 | G36: 0 | H36: 0 | I36: 0 | J36: 0 | K36: 0
A37: 11 | B37: NOVEMBER | C37: 0 | D37: 0 | E37: 0 | F37: 0 | G37: 0 | H37: 0 | I37: 0 | J37: 0 | K37: 0
A38: 12 | B38: DESEMBER | C38: 0 | D38: 0 | E38: 0 | F38: 0 | G38: 0 | H38: 0 | I38: 0 | J38: 0 | K38: 0
A39: TOTAL | C39: =SUM(C27:C38) -> 0 | D39: =SUM(D27:D38) -> 0 | E39: =SUM(E27:E38) -> 0 | F39: =SUM(F27:F38) -> 0 | G39: =SUM(G27:G38) -> 0 | H39: =SUM(H27:H38) -> 0 | I39: =SUM(I27:I38) -> 0 | J39: =SUM(J27:J38) -> 0 | K39: =SUM(K27:K38) -> 0
A41: PELABUHAN KAYUADI
A42: NO | B42: BULAN | C42: JUMLAH KAPAL | D42: ISI KOTOR | E42: BARANG ( TON / M3 ) | I42: PENUMPANG
E43: BONGKAR | G43: MUAT
E44: CARGO | F44: CURAH | G44: CARGO | H44: CURAH | I44: TURUN | J44: NAIK | K44: LANJUTAN
A45: 1 | B45: JANUARI | C45: 0 | D45: 0 | E45: 0 | F45: 0 | G45: 0 | H45: 0 | I45: 0 | J45: 0 | K45: 0
A46: 2 | B46: FEBRUARI | C46: 0 | D46: 0 | E46: 0 | F46: 0 | G46: 0 | H46: 0 | I46: 0 | J46: 0 | K46: 0
A47: 3 | B47: MARET | C47: 0 | D47: 0 | E47: 0 | F47: 0 | G47: 0 | H47: 0 | I47: 0 | J47: 0 | K47: 0
A48: 4 | B48: APRIL | C48: 0 | D48: 0 | E48: 0 | F48: 0 | G48: 0 | H48: 0 | I48: 0 | J48: 0 | K48: 0
A49: 5 | B49: MEI | C49: 0 | D49: 0 | E49: 0 | F49: 0 | G49: 0 | H49: 0 | I49: 0 | J49: 0 | K49: 0
A50: 6 | B50: JUNI | C50: 0 | D50: 0 | E50: 0 | F50: 0 | G50: 0 | H50: 0 | I50: 0 | J50: 0 | K50: 0
A51: 7 | B51: JULI | C51: 0 | D51: 0 | E51: 0 | F51: 0 | G51: 0 | H51: 0 | I51: 0 | J51: 0 | K51: 0
A52: 8 | B52: AGUSTUS | C52: 0 | D52: 0 | E52: 0 | F52: 0 | G52: 0 | H52: 0 | I52: 0 | J52: 0 | K52: 0
A53: 9 | B53: SEPTEMBER | C53: 0 | D53: 0 | E53: 0 | F53: 0 | G53: 0 | H53: 0 | I53: 0 | J53: 0 | K53: 0
A54: 10 | B54: OKTOBER | C54: 0 | D54: 0 | E54: 0 | F54: 0 | G54: 0 | H54: 0 | I54: 0 | J54: 0 | K54: 0
A55: 11 | B55: NOVEMBER | C55: 0 | D55: 0 | E55: 0 | F55: 0 | G55: 0 | H55: 0 | I55: 0 | J55: 0 | K55: 0
A56: 12 | B56: DESEMBER | C56: 0 | D56: 0 | E56: 0 | F56: 0 | G56: 0 | H56: 0 | I56: 0 | J56: 0 | K56: 0
A57: TOTAL | C57: =SUM(C45:C56) -> 0 | D57: =SUM(D45:D56) -> 0 | E57: =SUM(E45:E56) -> 0 | F57: =SUM(F45:F56) -> 0 | G57: =SUM(G45:G56) -> 0 | H57: =SUM(H45:H56) -> 0 | I57: =SUM(I45:I56) -> 0 | J57: =SUM(J45:J56) -> 0 | K57: =SUM(K45:K56) -> 0
A59: PELABUHAN BONERATE
A60: NO | B60: BULAN | C60: JUMLAH KAPAL | D60: ISI KOTOR | E60: BARANG ( TON / M3 ) | I60: PENUMPANG
E61: BONGKAR | G61: MUAT
E62: CARGO | F62: CURAH | G62: CARGO | H62: CURAH | I62: TURUN | J62: NAIK | K62: LANJUTAN
A63: 1 | B63: JANUARI | C63: 0 | D63: 0 | E63: 0 | F63: 0 | G63: 0 | H63: 0 | I63: 0 | J63: 0 | K63: 0
A64: 2 | B64: FEBRUARI | C64: 0 | D64: 0 | E64: 0 | F64: 0 | G64: 0 | H64: 0 | I64: 0 | J64: 0 | K64: 0
A65: 3 | B65: MARET | E65: 0 | F65: 0 | G65: 0 | H65: 0 | I65: 0 | J65: 0 | K65: 0
A66: 4 | B66: APRIL | E66: 0 | F66: 0 | G66: 0 | H66: 0 | I66: 0 | J66: 0 | K66: 0
A67: 5 | B67: MEI | E67: 0 | F67: 0 | G67: 0 | H67: 0 | I67: 0 | J67: 0 | K67: 0
A68: 6 | B68: JUNI | E68: 0 | F68: 0 | G68: 0 | H68: 0 | I68: 0 | J68: 0 | K68: 0
A69: 7 | B69: JULI | E69: 0 | F69: 0 | G69: 0 | H69: 0 | I69: 0 | J69: 0 | K69: 0
A70: 8 | B70: AGUSTUS | E70: 0 | F70: 0 | G70: 0 | H70: 0 | I70: 0 | J70: 0 | K70: 0
A71: 9 | B71: SEPTEMBER | E71: 0 | F71: 0 | G71: 0 | H71: 0 | I71: 0 | J71: 0 | K71: 0
A72: 10 | B72: OKTOBER | E72: 0 | F72: 0 | G72: 0 | H72: 0 | I72: 0 | J72: 0 | K72: 0
A73: 11 | B73: NOVEMBER | E73: 0 | F73: 0 | G73: 0 | H73: 0 | I73: 0 | J73: 0 | K73: 0
A74: 12 | B74: DESEMBER | E74: 0 | F74: 0 | G74: 0 | H74: 0 | I74: 0 | J74: 0 | K74: 0
A75: TOTAL | C75: =SUM(C63:C74) -> 0 | D75: =SUM(D63:D74) -> 0 | E75: =SUM(E63:E74) -> 0 | F75: =SUM(F63:F74) -> 0 | G75: =SUM(G63:G74) -> 0 | H75: =SUM(H63:H74) -> 0 | I75: =SUM(I63:I74) -> 0 | J75: =SUM(J63:J74) -> 0 | K75: =SUM(K63:K74) -> 0
A77: PELABUHAN KALAOTOA
A78: NO | B78: BULAN | C78: JUMLAH KAPAL | D78: ISI KOTOR | E78: BARANG ( TON / M3 ) | I78: PENUMPANG
E79: BONGKAR | G79: MUAT
E80: CARGO | F80: CURAH | G80: CARGO | H80: CURAH | I80: TURUN | J80: NAIK | K80: LANJUTAN
A81: 1 | B81: JANUARI | C81: 0 | D81: 0 | E81: 0 | F81: 0 | G81: 310 | H81: 0 | I81: 0 | J81: 0 | K81: 0
A82: 2 | B82: FEBRUARI | C82: 0 | D82: 0 | E82: 0 | F82: 0 | G82: 0 | H82: 0 | I82: 0 | J82: 0 | K82: 0
A83: 3 | B83: MARET | G83: 0 | H83: 0 | I83: 0 | J83: 0 | K83: 0
A84: 4 | B84: APRIL | G84: 0 | H84: 0 | I84: 0 | J84: 0 | K84: 0
A85: 5 | B85: MEI | G85: 0 | H85: 0 | I85: 0 | J85: 0 | K85: 0
A86: 6 | B86: JUNI | G86: 0 | H86: 0 | I86: 0 | J86: 0 | K86: 0
A87: 7 | B87: JULI | G87: 0 | H87: 0 | I87: 0 | J87: 0 | K87: 0
A88: 8 | B88: AGUSTUS | G88: 0 | H88: 0 | I88: 0 | J88: 0 | K88: 0
A89: 9 | B89: SEPTEMBER | G89: 0 | H89: 0 | I89: 0 | J89: 0 | K89: 0
A90: 10 | B90: OKTOBER | G90: 0 | H90: 0 | I90: 0 | J90: 0 | K90: 0
A91: 11 | B91: NOVEMBER | G91: 0 | H91: 0 | I91: 0 | J91: 0 | K91: 0
A92: 12 | B92: DESEMBER | G92: 0 | H92: 0 | I92: 0 | J92: 0 | K92: 0
A93: TOTAL | C93: =SUM(C81:C92) -> 0 | D93: =SUM(D81:D92) -> 0 | E93: =SUM(E81:E92) -> 0 | F93: =SUM(F81:F92) -> 0 | G93: =SUM(G81:G92) -> 310 | H93: =SUM(H81:H92) -> 0 | I93: =SUM(I81:I92) -> 0 | J93: =SUM(J81:J92) -> 0 | K93: =SUM(K81:K92) -> 0
A95: PELABUHAN JINATO
A96: NO | B96: BULAN | C96: JUMLAH KAPAL | D96: ISI KOTOR | E96: BARANG ( TON / M3 ) | I96: PENUMPANG
E97: BONGKAR | G97: MUAT
E98: CARGO | F98: CURAH | G98: CARGO | H98: CURAH | I98: TURUN | J98: NAIK | K98: LANJUTAN
A99: 1 | B99: JANUARI | C99: 0 | D99: 0 | E99: 0 | F99: 0 | G99: 0 | H99: 0 | I99: 0 | J99: 0 | K99: 0
A100: 2 | B100: FEBRUARI | C100: 2 | D100: 648 | E100: 0 | F100: 0 | G100: 0 | H100: 0 | I100: 0 | J100: 0 | K100: 0
A101: 3 | B101: MARET | G101: 0 | H101: 0 | I101: 0 | J101: 0 | K101: 0
A102: 4 | B102: APRIL | G102: 0 | H102: 0 | I102: 0 | J102: 0 | K102: 0
A103: 5 | B103: MEI | G103: 0 | H103: 0 | I103: 0 | J103: 0 | K103: 0
A104: 6 | B104: JUNI | G104: 0 | H104: 0 | I104: 0 | J104: 0 | K104: 0
A105: 7 | B105: JULI | G105: 0 | H105: 0 | I105: 0 | J105: 0 | K105: 0
A106: 8 | B106: AGUSTUS | G106: 0 | H106: 0 | I106: 0 | J106: 0 | K106: 0
...

Sheet ANGKUTAN LAUT LUAR NEGERI
A1: ANGKUTAN LAUT LUAR NEGERI
A2: UNIT PENYELENGGARA PELABUHAN KELAS III JAMPEA
A3: TAHUN 2026
A5: PELABUHAN JAMPEA
A6: NO | B6: BULAN | C6: JUMLAH KAPAL | D6: ISI KOTOR | E6: BARANG ( TON / M3 ) | I6: PENUMPANG
E7: BONGKAR | G7: MUAT
E8: CARGO | F8: CURAH | G8: CARGO | H8: CURAH | I8: TURUN | J8: NAIK | K8: LANJUTAN
A9: 1 | B9: JANUARI | C9: 1 | D9: 5602 | E9: 0 | F9: 0 | G9: 0 | H9: 0 | I9: 0 | J9: 0 | K9: 100
A10: 2 | B10: FEBRUARI | C10: 0 | D10: 0 | E10: 0 | F10: 0 | G10: 0 | H10: 0 | I10: 0 | J10: 0 | K10: 0
A11: 3 | B11: MARET | E11: 0 | F11: 0 | G11: 0 | H11: 0 | I11: 0 | J11: 0 | K11: 0
A12: 4 | B12: APRIL | E12: 0 | F12: 0 | G12: 0 | H12: 0 | I12: 0 | J12: 0 | K12: 0
A13: 5 | B13: MEI | E13: 0 | F13: 0 | G13: 0 | H13: 0 | I13: 0 | J13: 0 | K13: 0
A14: 6 | B14: JUNI | E14: 0 | F14: 0 | G14: 0 | H14: 0 | I14: 0 | J14: 0 | K14: 0
A15: 7 | B15: JULI | E15: 0 | F15: 0 | G15: 0 | H15: 0 | I15: 0 | J15: 0 | K15: 0
A16: 8 | B16: AGUSTUS | E16: 0 | F16: 0 | G16: 0 | H16: 0 | I16: 0 | J16: 0 | K16: 0
A17: 9 | B17: SEPTEMBER | E17: 0 | F17: 0 | G17: 0 | H17: 0 | I17: 0 | J17: 0 | K17: 0
A18: 10 | B18: OKTOBER | E18: 0 | F18: 0 | G18: 0 | H18: 0 | I18: 0 | J18: 0 | K18: 0
A19: 11 | B19: NOVEMBER | E19: 0 | F19: 0 | G19: 0 | H19: 0 | I19: 0 | J19: 0 | K19: 0
A20: 12 | B20: DESEMBER | E20: 0 | F20: 0 | G20: 0 | H20: 0 | I20: 0 | J20: 0 | K20: 0
A21: TOTAL | C21: =SUM(C9:C20) -> 1 | D21: =SUM(D9:D20) -> 5602 | E21: =SUM(E9:E20) -> 0 | F21: =SUM(F9:F20) -> 0 | G21: =SUM(G9:G20) -> 0 | H21: =SUM(H9:H20) -> 0 | I21: =SUM(I9:I20) -> 0 | J21: =SUM(J9:J20) -> 0 | K21: =SUM(K9:K20) -> 100
A23: PELABUHAN UJUNG
A24: NO | B24: BULAN | C24: JUMLAH KAPAL | D24: ISI KOTOR | E24: BARANG ( TON / M3 ) | I24: PENUMPANG
E25: BONGKAR | G25: MUAT
E26: CARGO | F26: CURAH | G26: CARGO | H26: CURAH | I26: TURUN | J26: NAIK | K26: LANJUTAN
A27: 1 | B27: JANUARI | C27: 0 | D27: 0 | E27: 0 | F27: 0 | G27: 0 | H27: 0 | I27: 0 | J27: 0 | K27: 0
A28: 2 | B28: FEBRUARI | C28: 0 | D28: 0 | E28: 0 | F28: 0 | G28: 0 | H28: 0 | I28: 0 | J28: 0 | K28: 0
A29: 3 | B29: MARET | C29: 0 | D29: 0 | E29: 0 | F29: 0 | G29: 0 | H29: 0 | I29: 0 | J29: 0 | K29: 0
A30: 4 | B30: APRIL | C30: 0 | D30: 0 | E30: 0 | F30: 0 | G30: 0 | H30: 0 | I30: 0 | J30: 0 | K30: 0
A31: 5 | B31: MEI | C31: 0 | D31: 0 | E31: 0 | F31: 0 | G31: 0 | H31: 0 | I31: 0 | J31: 0 | K31: 0
A32: 6 | B32: JUNI | C32: 0 | D32: 0 | E32: 0 | F32: 0 | G32: 0 | H32: 0 | I32: 0 | J32: 0 | K32: 0
A33: 7 | B33: JULI | C33: 0 | D33: 0 | E33: 0 | F33: 0 | G33: 0 | H33: 0 | I33: 0 | J33: 0 | K33: 0
A34: 8 | B34: AGUSTUS | C34: 0 | D34: 0 | E34: 0 | F34: 0 | G34: 0 | H34: 0 | I34: 0 | J34: 0 | K34: 0
A35: 9 | B35: SEPTEMBER | C35: 0 | D35: 0 | E35: 0 | F35: 0 | G35: 0 | H35: 0 | I35: 0 | J35: 0 | K35: 0
A36: 10 | B36: OKTOBER | C36: 0 | D36: 0 | E36: 0 | F36: 0 | G36: 0 | H36: 0 | I36: 0 | J36: 0 | K36: 0
A37: 11 | B37: NOVEMBER | C37: 0 | D37: 0 | E37: 0 | F37: 0 | G37: 0 | H37: 0 | I37: 0 | J37: 0 | K37: 0
A38: 12 | B38: DESEMBER | C38: 0 | D38: 0 | E38: 0 | F38: 0 | G38: 0 | H38: 0 | I38: 0 | J38: 0 | K38: 0
A39: TOTAL | C39: =SUM(C27:C38) -> 0 | D39: =SUM(D27:D38) -> 0 | E39: =SUM(E27:E38) -> 0 | F39: =SUM(F27:F38) -> 0 | G39: =SUM(G27:G38) -> 0 | H39: =SUM(H27:H38) -> 0 | I39: =SUM(I27:I38) -> 0 | J39: =SUM(J27:J38) -> 0 | K39: =SUM(K27:K38) -> 0
A41: PELABUHAN KAYUADI
A42: NO | B42: BULAN | C42: JUMLAH KAPAL | D42: ISI KOTOR | E42: BARANG ( TON / M3 ) | I42: PENUMPANG
E43: BONGKAR | G43: MUAT
E44: CARGO | F44: CURAH | G44: CARGO | H44: CURAH | I44: TURUN | J44: NAIK | K44: LANJUTAN
A45: 1 | B45: JANUARI | C45: 0 | D45: 0 | E45: 0 | F45: 0 | G45: 0 | H45: 0 | I45: 0 | J45: 0 | K45: 0
A46: 2 | B46: FEBRUARI | C46: 0 | D46: 0 | E46: 0 | F46: 0 | G46: 0 | H46: 0 | I46: 0 | J46: 0 | K46: 0
A47: 3 | B47: MARET | C47: 0 | D47: 0 | E47: 0 | F47: 0 | G47: 0 | H47: 0 | I47: 0 | J47: 0 | K47: 0
A48: 4 | B48: APRIL | C48: 0 | D48: 0 | E48: 0 | F48: 0 | G48: 0 | H48: 0 | I48: 0 | J48: 0 | K48: 0
A49: 5 | B49: MEI | C49: 0 | D49: 0 | E49: 0 | F49: 0 | G49: 0 | H49: 0 | I49: 0 | J49: 0 | K49: 0
A50: 6 | B50: JUNI | C50: 0 | D50: 0 | E50: 0 | F50: 0 | G50: 0 | H50: 0 | I50: 0 | J50: 0 | K50: 0
A51: 7 | B51: JULI | C51: 0 | D51: 0 | E51: 0 | F51: 0 | G51: 0 | H51: 0 | I51: 0 | J51: 0 | K51: 0
A52: 8 | B52: AGUSTUS | C52: 0 | D52: 0 | E52: 0 | F52: 0 | G52: 0 | H52: 0 | I52: 0 | J52: 0 | K52: 0
A53: 9 | B53: SEPTEMBER | C53: 0 | D53: 0 | E53: 0 | F53: 0 | G53: 0 | H53: 0 | I53: 0 | J53: 0 | K53: 0
A54: 10 | B54: OKTOBER | C54: 0 | D54: 0 | E54: 0 | F54: 0 | G54: 0 | H54: 0 | I54: 0 | J54: 0 | K54: 0
A55: 11 | B55: NOVEMBER | C55: 0 | D55: 0 | E55: 0 | F55: 0 | G55: 0 | H55: 0 | I55: 0 | J55: 0 | K55: 0
A56: 12 | B56: DESEMBER | C56: 0 | D56: 0 | E56: 0 | F56: 0 | G56: 0 | H56: 0 | I56: 0 | J56: 0 | K56: 0
A57: TOTAL | C57: =SUM(C45:C56) -> 0 | D57: =SUM(D45:D56) -> 0 | E57: =SUM(E45:E56) -> 0 | F57: =SUM(F45:F56) -> 0 | G57: =SUM(G45:G56) -> 0 | H57: =SUM(H45:H56) -> 0 | I57: =SUM(I45:I56) -> 0 | J57: =SUM(J45:J56) -> 0 | K57: =SUM(K45:K56) -> 0
A59: PELABUHAN BONERATE
A60: NO | B60: BULAN | C60: JUMLAH KAPAL | D60: ISI KOTOR | E60: BARANG ( TON / M3 ) | I60: PENUMPANG
E61: BONGKAR | G61: MUAT
E62: CARGO | F62: CURAH | G62: CARGO | H62: CURAH | I62: TURUN | J62: NAIK | K62: LANJUTAN
A63: 1 | B63: JANUARI | C63: 0 | D63: 0 | E63: 0 | F63: 0 | G63: 0 | H63: 0 | I63: 0 | J63: 0 | K63: 0
A64: 2 | B64: FEBRUARI | C64: 0 | D64: 0 | E64: 0 | F64: 0 | G64: 0 | H64: 0 | I64: 0 | J64: 0 | K64: 0
A65: 3 | B65: MARET | C65: 0 | D65: 0 | E65: 0 | F65: 0 | G65: 0 | H65: 0 | I65: 0 | J65: 0 | K65: 0
A66: 4 | B66: APRIL | C66: 0 | D66: 0 | E66: 0 | F66: 0 | G66: 0 | H66: 0 | I66: 0 | J66: 0 | K66: 0
A67: 5 | B67: MEI | C67: 0 | D67: 0 | E67: 0 | F67: 0 | G67: 0 | H67: 0 | I67: 0 | J67: 0 | K67: 0
A68: 6 | B68: JUNI | C68: 0 | D68: 0 | E68: 0 | F68: 0 | G68: 0 | H68: 0 | I68: 0 | J68: 0 | K68: 0
A69: 7 | B69: JULI | C69: 0 | D69: 0 | E69: 0 | F69: 0 | G69: 0 | H69: 0 | I69: 0 | J69: 0 | K69: 0
A70: 8 | B70: AGUSTUS | C70: 0 | D70: 0 | E70: 0 | F70: 0 | G70: 0 | H70: 0 | I70: 0 | J70: 0 | K70: 0
A71: 9 | B71: SEPTEMBER | C71: 0 | D71: 0 | E71: 0 | F71: 0 | G71: 0 | H71: 0 | I71: 0 | J71: 0 | K71: 0
A72: 10 | B72: OKTOBER | C72: 0 | D72: 0 | E72: 0 | F72: 0 | G72: 0 | H72: 0 | I72: 0 | J72: 0 | K72: 0
A73: 11 | B73: NOVEMBER | C73: 0 | D73: 0 | E73: 0 | F73: 0 | G73: 0 | H73: 0 | I73: 0 | J73: 0 | K73: 0
A74: 12 | B74: DESEMBER | C74: 0 | D74: 0 | E74: 0 | F74: 0 | G74: 0 | H74: 0 | I74: 0 | J74: 0 | K74: 0
A75: TOTAL | C75: =SUM(C63:C74) -> 0 | D75: =SUM(D63:D74) -> 0 | E75: =SUM(E63:E74) -> 0 | F75: =SUM(F63:F74) -> 0 | G75: =SUM(G63:G74) -> 0 | H75: =SUM(H63:H74) -> 0 | I75: =SUM(I63:I74) -> 0 | J75: =SUM(J63:J74) -> 0 | K75: =SUM(K63:K74) -> 0
A77: PELABUHAN KALAOTOA
A78: NO | B78: BULAN | C78: JUMLAH KAPAL | D78: ISI KOTOR | E78: BARANG ( TON / M3 ) | I78: PENUMPANG
E79: BONGKAR | G79: MUAT
E80: CARGO | F80: CURAH | G80: CARGO | H80: CURAH | I80: TURUN | J80: NAIK | K80: LANJUTAN
A81: 1 | B81: JANUARI | C81: 0 | D81: 0 | E81: 0 | F81: 0 | G81: 0 | H81: 0 | I81: 0 | J81: 0 | K81: 0
A82: 2 | B82: FEBRUARI | C82: 0 | D82: 0 | E82: 0 | F82: 0 | G82: 0 | H82: 0 | I82: 0 | J82: 0 | K82: 0
A83: 3 | B83: MARET | C83: 0 | D83: 0 | E83: 0 | F83: 0 | G83: 0 | H83: 0 | I83: 0 | J83: 0 | K83: 0
A84: 4 | B84: APRIL | C84: 0 | D84: 0 | E84: 0 | F84: 0 | G84: 0 | H84: 0 | I84: 0 | J84: 0 | K84: 0
A85: 5 | B85: MEI | C85: 0 | D85: 0 | E85: 0 | F85: 0 | G85: 0 | H85: 0 | I85: 0 | J85: 0 | K85: 0
A86: 6 | B86: JUNI | C86: 0 | D86: 0 | E86: 0 | F86: 0 | G86: 0 | H86: 0 | I86: 0 | J86: 0 | K86: 0
A87: 7 | B87: JULI | C87: 0 | D87: 0 | E87: 0 | F87: 0 | G87: 0 | H87: 0 | I87: 0 | J87: 0 | K87: 0
A88: 8 | B88: AGUSTUS | C88: 0 | D88: 0 | E88: 0 | F88: 0 | G88: 0 | H88: 0 | I88: 0 | J88: 0 | K88: 0
A89: 9 | B89: SEPTEMBER | C89: 0 | D89: 0 | E89: 0 | F89: 0 | G89: 0 | H89: 0 | I89: 0 | J89: 0 | K89: 0
A90: 10 | B90: OKTOBER | C90: 0 | D90: 0 | E90: 0 | F90: 0 | G90: 0 | H90: 0 | I90: 0 | J90: 0 | K90: 0
A91: 11 | B91: NOVEMBER | C91: 0 | D91: 0 | E91: 0 | F91: 0 | G91: 0 | H91: 0 | I91: 0 | J91: 0 | K91: 0
A92: 12 | B92: DESEMBER | C92: 0 | D92: 0 | E92: 0 | F92: 0 | G92: 0 | H92: 0 | I92: 0 | J92: 0 | K92: 0
A93: TOTAL | C93: =SUM(C81:C92) -> 0 | D93: =SUM(D81:D92) -> 0 | E93: =SUM(E81:E92) -> 0 | F93: =SUM(F81:F92) -> 0 | G93: =SUM(G81:G92) -> 0 | H93: =SUM(H81:H92) -> 0 | I93: =SUM(I81:I92) -> 0 | J93: =SUM(J81:J92) -> 0 | K93: =SUM(K81:K92) -> 0
A95: PELABUHAN JINATO
A96: NO | B96: BULAN | C96: JUMLAH KAPAL | D96: ISI KOTOR | E96: BARANG ( TON / M3 ) | I96: PENUMPANG
E97: BONGKAR | G97: MUAT
E98: CARGO | F98: CURAH | G98: CARGO | H98: CURAH | I98: TURUN | J98: NAIK | K98: LANJUTAN
A99: 1 | B99: JANUARI | C99: 0 | D99: 0 | E99: 0 | F99: 0 | G99: 0 | H99: 0 | I99: 0 | J99: 0 | K99: 0
A100: 2 | B100: FEBRUARI | C100: 0 | D100: 0 | E100: 0 | F100: 0 | G100: 0 | H100: 0 | I100: 0 | J100: 0 | K100: 0
A101: 3 | B101: MARET | C101: 0 | D101: 0 | E101: 0 | F101: 0 | G101: 0 | H101: 0 | I101: 0 | J101: 0 | K101: 0
A102: 4 | B102: APRIL | C102: 0 | D102: 0 | E102: 0 | F102: 0 | G102: 0 | H102: 0 | I102: 0 | J102: 0 | K102: 0
A103: 5 | B103: MEI | C103: 0 | D103: 0 | E103: 0 | F103: 0 | G103: 0 | H103: 0 | I103: 0 | J103: 0 | K103: 0
A104: 6 | B104: JUNI | C104: 0 | D104: 0 | E104: 0 | F104: 0 | G104: 0 | H104: 0 | I104: 0 | J104: 0 | K104: 0
A105: 7 | B105: JULI | C105: 0 | D105: 0 | E105: 0 | F105: 0 | G105: 0 | H105: 0 | I105: 0 | J105: 0 | K105: 0
A106: 8 | B106: AGUSTUS | C106: 0 | D106: 0 | E106: 0 | F106: 0 | G106: 0 | H106: 0 | I106: 0 | J106: 0 | K106: 0
...

Sheet REKAP LAP. OPERASIONAL 2026
A1: REKAPITULASI KEGIATAN OPERASIONAL
A2: UNIT PENYELENGGARA PELABUHAN KELAS III JAMPEA
A3: TAHUN 2026
A5: PELABUHAN JAMPEA
A6: BULAN | B6: JENIS PELAYARAN / JUMLAH KUNJUNGAN KAPAL | G6: JUMLAH | I6: BONGKAR | N6: MUAT | S6: PENUMPANG
B7: LUAR NEGERI | C7: DALAM NEGERI | D7: PELRA | E7: PERINTIS | F7: FERRY | G7: KAPAL | H7: GT. | I7: BARANG TON / M3 | K7: HEWAN EKOR | L7: KENDARAAN / UNIT | N7: BARANG TON / M3 | P7: HEWAN EKOR | Q7: KENDARAAN / UNIT | S7: TURUN | T7: NAIK | U7: LANJUTAN
I8: CARGO | J8: CURAH | L8: MOTOR | M8: MOBIL | N8: CARGO | O8: CURAH | Q8: MOTOR | R8: MOBIL | S8: ( Orang) | T8: ( Orang ) | U8: ( Orang )
A9: JANUARI | B9: =SUM('ANGKUTAN LAUT LUAR NEGERI'!C9) -> 1 | C9: =SUM('ANGKUTAN LAUT DALAM NEGERI'!C9) -> 3 | D9: =SUM(PELRA!C9) -> 10 | E9: =SUM(PERINTIS!C9) -> 11 | F9: =SUM('ANGKUTAN PENYEBRANGAN'!C9) -> 13 | G9: =SUM(B9:F9) -> 38 | H9: =SUM('ANGKUTAN LAUT LUAR NEGERI'!D9,'ANGKUTAN LAUT DALAM NEGERI'!D9,PELRA!D9,PERINTIS!D9,'ANGKUTAN PENYEBRANGAN'!D9) -> 39113 | I9: =SUM(PERINTIS!E9,PELRA!E9,'ANGKUTAN LAUT DALAM NEGERI'!E9,'ANGKUTAN LAUT LUAR NEGERI'!E9) -> 341 | J9: =SUM(PERINTIS!F9,PELRA!F9,'ANGKUTAN LAUT DALAM NEGERI'!F9,'ANGKUTAN LAUT LUAR NEGERI'!F9) -> 80 | K9: =SUM(PELRA!I9) -> 0 | L9: =SUM(PERINTIS!L9,'ANGKUTAN PENYEBRANGAN'!F9) -> 106 | M9: =SUM('ANGKUTAN PENYEBRANGAN'!E9) -> 17 | N9: =SUM(PERINTIS!G9,PELRA!G9,'ANGKUTAN LAUT DALAM NEGERI'!G9,'ANGKUTAN LAUT LUAR NEGERI'!G9) -> 43 | O9: =SUM(PERINTIS!H9,PELRA!H9,'ANGKUTAN LAUT DALAM NEGERI'!H9,'ANGKUTAN LAUT LUAR NEGERI'!H9) -> 0 | P9: =SUM(PELRA!J9) -> 1 | Q9: =SUM(PERINTIS!M9,'ANGKUTAN PENYEBRANGAN'!H9) -> 50 | R9: =SUM('ANGKUTAN PENYEBRANGAN'!G9) -> 16 | S9: =SUM('ANGKUTAN LAUT LUAR NEGERI'!I9,'ANGKUTAN LAUT DALAM NEGERI'!I9,PELRA!K9,PERINTIS!I9,'ANGKUTAN PENYEBRANGAN'!I9) -> 1393 | T9: =SUM('ANGKUTAN LAUT LUAR NEGERI'!J9,'ANGKUTAN LAUT DALAM NEGERI'!J9,PELRA!L9,PERINTIS!J9,'ANGKUTAN PENYEBRANGAN'!J9) -> 520 | U9: =SUM('ANGKUTAN LAUT LUAR NEGERI'!K9,'ANGKUTAN LAUT DALAM NEGERI'!K9,PELRA!M9,PERINTIS!K9,'ANGKUTAN PENYEBRANGAN'!K9) -> 1118
A10: FEBRUARI | B10: =SUM('ANGKUTAN LAUT LUAR NEGERI'!C10) -> 0 | C10: =SUM('ANGKUTAN LAUT DALAM NEGERI'!C10) -> 1 | D10: =SUM(PELRA!C10) -> 18 | E10: =SUM(PERINTIS!C10) -> 11 | F10: =SUM('ANGKUTAN PENYEBRANGAN'!C10) -> 25 | G10: =SUM(B10:F10) -> 55 | H10: =SUM('ANGKUTAN LAUT LUAR NEGERI'!D10,'ANGKUTAN LAUT DALAM NEGERI'!D10,PELRA!D10,PERINTIS!D10,'ANGKUTAN PENYEBRANGAN'!D10) -> 40706 | I10: =SUM(PERINTIS!E10,PELRA!E10,'ANGKUTAN LAUT DALAM NEGERI'!E10,'ANGKUTAN LAUT LUAR NEGERI'!E10) -> 446 | J10: =SUM(PERINTIS!F10,PELRA!F10,'ANGKUTAN LAUT DALAM NEGERI'!F10,'ANGKUTAN LAUT LUAR NEGERI'!F10) -> 80 | K10: =SUM(PELRA!I10) -> 0 | L10: =SUM(PERINTIS!L10,'ANGKUTAN PENYEBRANGAN'!F10) -> 112 | M10: =SUM('ANGKUTAN PENYEBRANGAN'!E10) -> 29 | N10: =SUM(PERINTIS!G10,PELRA!G10,'ANGKUTAN LAUT DALAM NEGERI'!G10,'ANGKUTAN LAUT LUAR NEGERI'!G10) -> 184 | O10: =SUM(PERINTIS!H10,PELRA!H10,'ANGKUTAN LAUT DALAM NEGERI'!H10,'ANGKUTAN LAUT LUAR NEGERI'!H10) -> 0 | P10: =SUM(PELRA!J10) -> 29 | Q10: =SUM(PERINTIS!M10,'ANGKUTAN PENYEBRANGAN'!H10) -> 49 | R10: =SUM('ANGKUTAN PENYEBRANGAN'!G10) -> 25 | S10: =SUM('ANGKUTAN LAUT LUAR NEGERI'!I10,'ANGKUTAN LAUT DALAM NEGERI'!I10,PELRA!K10,PERINTIS!I10,'ANGKUTAN PENYEBRANGAN'!I10) -> 980 | T10: =SUM('ANGKUTAN LAUT LUAR NEGERI'!J10,'ANGKUTAN LAUT DALAM NEGERI'!J10,PELRA!L10,PERINTIS!J10,'ANGKUTAN PENYEBRANGAN'!J10) -> 577 | U10: =SUM('ANGKUTAN LAUT LUAR NEGERI'!K10,'ANGKUTAN LAUT DALAM NEGERI'!K10,PELRA!M10,PERINTIS!K10,'ANGKUTAN PENYEBRANGAN'!K10) -> 1059
A11: MARET | B11: =SUM('ANGKUTAN LAUT LUAR NEGERI'!C11) -> 0 | C11: =SUM('ANGKUTAN LAUT DALAM NEGERI'!C11) -> 0 | D11: =SUM(PELRA!C11) -> 0 | E11: =SUM(PERINTIS!C11) -> 0 | F11: =SUM('ANGKUTAN PENYEBRANGAN'!C11) -> 0 | G11: =SUM(B11:F11) -> 0 | H11: =SUM('ANGKUTAN LAUT LUAR NEGERI'!D11,'ANGKUTAN LAUT DALAM NEGERI'!D11,PELRA!D11,PERINTIS!D11,'ANGKUTAN PENYEBRANGAN'!D11) -> 0 | I11: =SUM(PERINTIS!E11,PELRA!E11,'ANGKUTAN LAUT DALAM NEGERI'!E11,'ANGKUTAN LAUT LUAR NEGERI'!E11) -> 0 | J11: =SUM(PERINTIS!F11,PELRA!F11,'ANGKUTAN LAUT DALAM NEGERI'!F11,'ANGKUTAN LAUT LUAR NEGERI'!F11) -> 80 | K11: =SUM(PELRA!I11) -> 0 | L11: =SUM(PERINTIS!L11,'ANGKUTAN PENYEBRANGAN'!F11) -> 0 | M11: =SUM('ANGKUTAN PENYEBRANGAN'!E11) -> 0 | N11: =SUM(PERINTIS!G11,PELRA!G11,'ANGKUTAN LAUT DALAM NEGERI'!G11,'ANGKUTAN LAUT LUAR NEGERI'!G11) -> 0 | O11: =SUM(PERINTIS!H11,PELRA!H11,'ANGKUTAN LAUT DALAM NEGERI'!H11,'ANGKUTAN LAUT LUAR NEGERI'!H11) -> 0 | P11: =SUM(PELRA!J11) -> 0 | Q11: =SUM(PERINTIS!M11,'ANGKUTAN PENYEBRANGAN'!H11) -> 0 | R11: =SUM('ANGKUTAN PENYEBRANGAN'!G11) -> 0 | S11: =SUM('ANGKUTAN LAUT LUAR NEGERI'!I11,'ANGKUTAN LAUT DALAM NEGERI'!I11,PELRA!K11,PERINTIS!I11,'ANGKUTAN PENYEBRANGAN'!I11) -> 0 | T11: =SUM('ANGKUTAN LAUT LUAR NEGERI'!J11,'ANGKUTAN LAUT DALAM NEGERI'!J11,PELRA!L11,PERINTIS!J11,'ANGKUTAN PENYEBRANGAN'!J11) -> 0 | U11: =SUM('ANGKUTAN LAUT LUAR NEGERI'!K11,'ANGKUTAN LAUT DALAM NEGERI'!K11,PELRA!M11,PERINTIS!K11,'ANGKUTAN PENYEBRANGAN'!K11) -> 0
A12: APRIL | B12: =SUM('ANGKUTAN LAUT LUAR NEGERI'!C12) -> 0 | C12: =SUM('ANGKUTAN LAUT DALAM NEGERI'!C12) -> 0 | D12: =SUM(PELRA!C12) -> 0 | E12: =SUM(PERINTIS!C12) -> 0 | F12: =SUM('ANGKUTAN PENYEBRANGAN'!C12) -> 0 | G12: =SUM(B12:F12) -> 0 | H12: =SUM('ANGKUTAN LAUT LUAR NEGERI'!D12,'ANGKUTAN LAUT DALAM NEGERI'!D12,PELRA!D12,PERINTIS!D12,'ANGKUTAN PENYEBRANGAN'!D12) -> 0 | I12: =SUM(PERINTIS!E12,PELRA!E12,'ANGKUTAN LAUT DALAM NEGERI'!E12,'ANGKUTAN LAUT LUAR NEGERI'!E12) -> 0 | J12: =SUM(PERINTIS!F12,PELRA!F12,'ANGKUTAN LAUT DALAM NEGERI'!F12,'ANGKUTAN LAUT LUAR NEGERI'!F12) -> 80 | K12: =SUM(PELRA!I12) -> 0 | L12: =SUM(PERINTIS!L12,'ANGKUTAN PENYEBRANGAN'!F12) -> 0 | M12: =SUM('ANGKUTAN PENYEBRANGAN'!E12) -> 0 | N12: =SUM(PERINTIS!G12,PELRA!G12,'ANGKUTAN LAUT DALAM NEGERI'!G12,'ANGKUTAN LAUT LUAR NEGERI'!G12) -> 0 | O12: =SUM(PERINTIS!H12,PELRA!H12,'ANGKUTAN LAUT DALAM NEGERI'!H12,'ANGKUTAN LAUT LUAR NEGERI'!H12) -> 0 | P12: =SUM(PELRA!J12) -> 0 | Q12: =SUM(PERINTIS!M12,'ANGKUTAN PENYEBRANGAN'!H12) -> 0 | R12: =SUM('ANGKUTAN PENYEBRANGAN'!G12) -> 0 | S12: =SUM('ANGKUTAN LAUT LUAR NEGERI'!I12,'ANGKUTAN LAUT DALAM NEGERI'!I12,PELRA!K12,PERINTIS!I12,'ANGKUTAN PENYEBRANGAN'!I12) -> 0 | T12: =SUM('ANGKUTAN LAUT LUAR NEGERI'!J12,'ANGKUTAN LAUT DALAM NEGERI'!J12,PELRA!L12,PERINTIS!J12,'ANGKUTAN PENYEBRANGAN'!J12) -> 0 | U12: =SUM('ANGKUTAN LAUT LUAR NEGERI'!K12,'ANGKUTAN LAUT DALAM NEGERI'!K12,PELRA!M12,PERINTIS!K12,'ANGKUTAN PENYEBRANGAN'!K12) -> 0
A13: MEI | B13: =SUM('ANGKUTAN LAUT LUAR NEGERI'!C13) -> 0 | C13: =SUM('ANGKUTAN LAUT DALAM NEGERI'!C13) -> 0 | D13: =SUM(PELRA!C13) -> 0 | E13: =SUM(PERINTIS!C13) -> 0 | F13: =SUM('ANGKUTAN PENYEBRANGAN'!C13) -> 0 | G13: =SUM(B13:F13) -> 0 | H13: =SUM('ANGKUTAN LAUT LUAR NEGERI'!D13,'ANGKUTAN LAUT DALAM NEGERI'!D13,PELRA!D13,PERINTIS!D13,'ANGKUTAN PENYEBRANGAN'!D13) -> 0 | I13: =SUM(PERINTIS!E13,PELRA!E13,'ANGKUTAN LAUT DALAM NEGERI'!E13,'ANGKUTAN LAUT LUAR NEGERI'!E13) -> 0 | J13: =SUM(PERINTIS!F13,PELRA!F13,'ANGKUTAN LAUT DALAM NEGERI'!F13,'ANGKUTAN LAUT LUAR NEGERI'!F13) -> 80 | K13: =SUM(PELRA!I13) -> 0 | L13: =SUM(PERINTIS!L13,'ANGKUTAN PENYEBRANGAN'!F13) -> 0 | M13: =SUM('ANGKUTAN PENYEBRANGAN'!E13) -> 0 | N13: =SUM(PERINTIS!G13,PELRA!G13,'ANGKUTAN LAUT DALAM NEGERI'!G13,'ANGKUTAN LAUT LUAR NEGERI'!G13) -> 0 | O13: =SUM(PERINTIS!H13,PELRA!H13,'ANGKUTAN LAUT DALAM NEGERI'!H13,'ANGKUTAN LAUT LUAR NEGERI'!H13) -> 0 | P13: =SUM(PELRA!J13) -> 0 | Q13: =SUM(PERINTIS!M13,'ANGKUTAN PENYEBRANGAN'!H13) -> 0 | R13: =SUM('ANGKUTAN PENYEBRANGAN'!G13) -> 0 | S13: =SUM('ANGKUTAN LAUT LUAR NEGERI'!I13,'ANGKUTAN LAUT DALAM NEGERI'!I13,PELRA!K13,PERINTIS!I13,'ANGKUTAN PENYEBRANGAN'!I13) -> 0 | T13: =SUM('ANGKUTAN LAUT LUAR NEGERI'!J13,'ANGKUTAN LAUT DALAM NEGERI'!J13,PELRA!L13,PERINTIS!J13,'ANGKUTAN PENYEBRANGAN'!J13) -> 0 | U13: =SUM('ANGKUTAN LAUT LUAR NEGERI'!K13,'ANGKUTAN LAUT DALAM NEGERI'!K13,PELRA!M13,PERINTIS!K13,'ANGKUTAN PENYEBRANGAN'!K13) -> 0
A14: JUNI | B14: =SUM('ANGKUTAN LAUT LUAR NEGERI'!C14) -> 0 | C14: =SUM('ANGKUTAN LAUT DALAM NEGERI'!C14) -> 0 | D14: =SUM(PELRA!C14) -> 0 | E14: =SUM(PERINTIS!C14) -> 0 | F14: =SUM('ANGKUTAN PENYEBRANGAN'!C14) -> 0 | G14: =SUM(B14:F14) -> 0 | H14: =SUM('ANGKUTAN LAUT LUAR NEGERI'!D14,'ANGKUTAN LAUT DALAM NEGERI'!D14,PELRA!D14,PERINTIS!D14,'ANGKUTAN PENYEBRANGAN'!D14) -> 0 | I14: =SUM(PERINTIS!E14,PELRA!E14,'ANGKUTAN LAUT DALAM NEGERI'!E14,'ANGKUTAN LAUT LUAR NEGERI'!E14) -> 0 | J14: =SUM(PERINTIS!F14,PELRA!F14,'ANGKUTAN LAUT DALAM NEGERI'!F14,'ANGKUTAN LAUT LUAR NEGERI'!F14) -> 80 | K14: =SUM(PELRA!I14) -> 0 | L14: =SUM(PERINTIS!L14,'ANGKUTAN PENYEBRANGAN'!F14) -> 0 | M14: =SUM('ANGKUTAN PENYEBRANGAN'!E14) -> 0 | N14: =SUM(PERINTIS!G14,PELRA!G14,'ANGKUTAN LAUT DALAM NEGERI'!G14,'ANGKUTAN LAUT LUAR NEGERI'!G14) -> 0 | O14: =SUM(PERINTIS!H14,PELRA!H14,'ANGKUTAN LAUT DALAM NEGERI'!H14,'ANGKUTAN LAUT LUAR NEGERI'!H14) -> 0 | P14: =SUM(PELRA!J14) -> 0 | Q14: =SUM(PERINTIS!M14,'ANGKUTAN PENYEBRANGAN'!H14) -> 0 | R14: =SUM('ANGKUTAN PENYEBRANGAN'!G14) -> 0 | S14: =SUM('ANGKUTAN LAUT LUAR NEGERI'!I14,'ANGKUTAN LAUT DALAM NEGERI'!I14,PELRA!K14,PERINTIS!I14,'ANGKUTAN PENYEBRANGAN'!I14) -> 0 | T14: =SUM('ANGKUTAN LAUT LUAR NEGERI'!J14,'ANGKUTAN LAUT DALAM NEGERI'!J14,PELRA!L14,PERINTIS!J14,'ANGKUTAN PENYEBRANGAN'!J14) -> 0 | U14: =SUM('ANGKUTAN LAUT LUAR NEGERI'!K14,'ANGKUTAN LAUT DALAM NEGERI'!K14,PELRA!M14,PERINTIS!K14,'ANGKUTAN PENYEBRANGAN'!K14) -> 0
A15: JULI | B15: =SUM('ANGKUTAN LAUT LUAR NEGERI'!C15) -> 0 | C15: =SUM('ANGKUTAN LAUT DALAM NEGERI'!C15) -> 0 | D15: =SUM(PELRA!C15) -> 0 | E15: =SUM(PERINTIS!C15) -> 0 | F15: =SUM('ANGKUTAN PENYEBRANGAN'!C15) -> 0 | G15: =SUM(B15:F15) -> 0 | H15: =SUM('ANGKUTAN LAUT LUAR NEGERI'!D15,'ANGKUTAN LAUT DALAM NEGERI'!D15,PELRA!D15,PERINTIS!D15,'ANGKUTAN PENYEBRANGAN'!D15) -> 0 | I15: =SUM(PERINTIS!E15,PELRA!E15,'ANGKUTAN LAUT DALAM NEGERI'!E15,'ANGKUTAN LAUT LUAR NEGERI'!E15) -> 0 | J15: =SUM(PERINTIS!F15,PELRA!F15,'ANGKUTAN LAUT DALAM NEGERI'!F15,'ANGKUTAN LAUT LUAR NEGERI'!F15) -> 80 | K15: =SUM(PELRA!I15) -> 0 | L15: =SUM(PERINTIS!L15,'ANGKUTAN PENYEBRANGAN'!F15) -> 0 | M15: =SUM('ANGKUTAN PENYEBRANGAN'!E15) -> 0 | N15: =SUM(PERINTIS!G15,PELRA!G15,'ANGKUTAN LAUT DALAM NEGERI'!G15,'ANGKUTAN LAUT LUAR NEGERI'!G15) -> 0 | O15: =SUM(PERINTIS!H15,PELRA!H15,'ANGKUTAN LAUT DALAM NEGERI'!H15,'ANGKUTAN LAUT LUAR NEGERI'!H15) -> 0 | P15: =SUM(PELRA!J15) -> 0 | Q15: =SUM(PERINTIS!M15,'ANGKUTAN PENYEBRANGAN'!H15) -> 0 | R15: =SUM('ANGKUTAN PENYEBRANGAN'!G15) -> 0 | S15: =SUM('ANGKUTAN LAUT LUAR NEGERI'!I15,'ANGKUTAN LAUT DALAM NEGERI'!I15,PELRA!K15,PERINTIS!I15,'ANGKUTAN PENYEBRANGAN'!I15) -> 0 | T15: =SUM('ANGKUTAN LAUT LUAR NEGERI'!J15,'ANGKUTAN LAUT DALAM NEGERI'!J15,PELRA!L15,PERINTIS!J15,'ANGKUTAN PENYEBRANGAN'!J15) -> 0 | U15: =SUM('ANGKUTAN LAUT LUAR NEGERI'!K15,'ANGKUTAN LAUT DALAM NEGERI'!K15,PELRA!M15,PERINTIS!K15,'ANGKUTAN PENYEBRANGAN'!K15) -> 0
A16: AGUSTUS | B16: =SUM('ANGKUTAN LAUT LUAR NEGERI'!C16) -> 0 | C16: =SUM('ANGKUTAN LAUT DALAM NEGERI'!C16) -> 0 | D16: =SUM(PELRA!C16) -> 0 | E16: =SUM(PERINTIS!C16) -> 0 | F16: =SUM('ANGKUTAN PENYEBRANGAN'!C16) -> 0 | G16: =SUM(B16:F16) -> 0 | H16: =SUM('ANGKUTAN LAUT LUAR NEGERI'!D16,'ANGKUTAN LAUT DALAM NEGERI'!D16,PELRA!D16,PERINTIS!D16,'ANGKUTAN PENYEBRANGAN'!D16) -> 0 | I16: =SUM(PERINTIS!E16,PELRA!E16,'ANGKUTAN LAUT DALAM NEGERI'!E16,'ANGKUTAN LAUT LUAR NEGERI'!E16) -> 0 | J16: =SUM(PERINTIS!F16,PELRA!F16,'ANGKUTAN LAUT DALAM NEGERI'!F16,'ANGKUTAN LAUT LUAR NEGERI'!F16) -> 80 | K16: =SUM(PELRA!I16) -> 0 | L16: =SUM(PERINTIS!L16,'ANGKUTAN PENYEBRANGAN'!F16) -> 0 | M16: =SUM('ANGKUTAN PENYEBRANGAN'!E16) -> 0 | N16: =SUM(PERINTIS!G16,PELRA!G16,'ANGKUTAN LAUT DALAM NEGERI'!G16,'ANGKUTAN LAUT LUAR NEGERI'!G16) -> 0 | O16: =SUM(PERINTIS!H16,PELRA!H16,'ANGKUTAN LAUT DALAM NEGERI'!H16,'ANGKUTAN LAUT LUAR NEGERI'!H16) -> 0 | P16: =SUM(PELRA!J16) -> 0 | Q16: =SUM(PERINTIS!M16,'ANGKUTAN PENYEBRANGAN'!H16) -> 0 | R16: =SUM('ANGKUTAN PENYEBRANGAN'!G16) -> 0 | S16: =SUM('ANGKUTAN LAUT LUAR NEGERI'!I16,'ANGKUTAN LAUT DALAM NEGERI'!I16,PELRA!K16,PERINTIS!I16,'ANGKUTAN PENYEBRANGAN'!I16) -> 0 | T16: =SUM('ANGKUTAN LAUT LUAR NEGERI'!J16,'ANGKUTAN LAUT DALAM NEGERI'!J16,PELRA!L16,PERINTIS!J16,'ANGKUTAN PENYEBRANGAN'!J16) -> 0 | U16: =SUM('ANGKUTAN LAUT LUAR NEGERI'!K16,'ANGKUTAN LAUT DALAM NEGERI'!K16,PELRA!M16,PERINTIS!K16,'ANGKUTAN PENYEBRANGAN'!K16) -> 0
A17: SEPTEMBER | B17: =SUM('ANGKUTAN LAUT LUAR NEGERI'!C17) -> 0 | C17: =SUM('ANGKUTAN LAUT DALAM NEGERI'!C17) -> 0 | D17: =SUM(PELRA!C17) -> 0 | E17: =SUM(PERINTIS!C17) -> 0 | F17: =SUM('ANGKUTAN PENYEBRANGAN'!C17) -> 0 | G17: =SUM(B17:F17) -> 0 | H17: =SUM('ANGKUTAN LAUT LUAR NEGERI'!D17,'ANGKUTAN LAUT DALAM NEGERI'!D17,PELRA!D17,PERINTIS!D17,'ANGKUTAN PENYEBRANGAN'!D17) -> 0 | I17: =SUM(PERINTIS!E17,PELRA!E17,'ANGKUTAN LAUT DALAM NEGERI'!E17,'ANGKUTAN LAUT LUAR NEGERI'!E17) -> 0 | J17: =SUM(PERINTIS!F17,PELRA!F17,'ANGKUTAN LAUT DALAM NEGERI'!F17,'ANGKUTAN LAUT LUAR NEGERI'!F17) -> 80 | K17: =SUM(PELRA!I17) -> 0 | L17: =SUM(PERINTIS!L17,'ANGKUTAN PENYEBRANGAN'!F17) -> 0 | M17: =SUM('ANGKUTAN PENYEBRANGAN'!E17) -> 0 | N17: =SUM(PERINTIS!G17,PELRA!G17,'ANGKUTAN LAUT DALAM NEGERI'!G17,'ANGKUTAN LAUT LUAR NEGERI'!G17) -> 0 | O17: =SUM(PERINTIS!H17,PELRA!H17,'ANGKUTAN LAUT DALAM NEGERI'!H17,'ANGKUTAN LAUT LUAR NEGERI'!H17) -> 0 | P17: =SUM(PELRA!J17) -> 0 | Q17: =SUM(PERINTIS!M17,'ANGKUTAN PENYEBRANGAN'!H17) -> 0 | R17: =SUM('ANGKUTAN PENYEBRANGAN'!G17) -> 0 | S17: =SUM('ANGKUTAN LAUT LUAR NEGERI'!I17,'ANGKUTAN LAUT DALAM NEGERI'!I17,PELRA!K17,PERINTIS!I17,'ANGKUTAN PENYEBRANGAN'!I17) -> 0 | T17: =SUM('ANGKUTAN LAUT LUAR NEGERI'!J17,'ANGKUTAN LAUT DALAM NEGERI'!J17,PELRA!L17,PERINTIS!J17,'ANGKUTAN PENYEBRANGAN'!J17) -> 0 | U17: =SUM('ANGKUTAN LAUT LUAR NEGERI'!K17,'ANGKUTAN LAUT DALAM NEGERI'!K17,PELRA!M17,PERINTIS!K17,'ANGKUTAN PENYEBRANGAN'!K17) -> 0
A18: OKTOBER | B18: =SUM('ANGKUTAN LAUT LUAR NEGERI'!C18) -> 0 | C18: =SUM('ANGKUTAN LAUT DALAM NEGERI'!C18) -> 0 | D18: =SUM(PELRA!C18) -> 0 | E18: =SUM(PERINTIS!C18) -> 0 | F18: =SUM('ANGKUTAN PENYEBRANGAN'!C18) -> 0 | G18: =SUM(B18:F18) -> 0 | H18: =SUM('ANGKUTAN LAUT LUAR NEGERI'!D18,'ANGKUTAN LAUT DALAM NEGERI'!D18,PELRA!D18,PERINTIS!D18,'ANGKUTAN PENYEBRANGAN'!D18) -> 0 | I18: =SUM(PERINTIS!E18,PELRA!E18,'ANGKUTAN LAUT DALAM NEGERI'!E18,'ANGKUTAN LAUT LUAR NEGERI'!E18) -> 0 | J18: =SUM(PERINTIS!F18,PELRA!F18,'ANGKUTAN LAUT DALAM NEGERI'!F18,'ANGKUTAN LAUT LUAR NEGERI'!F18) -> 80 | K18: =SUM(PELRA!I18) -> 0 | L18: =SUM(PERINTIS!L18,'ANGKUTAN PENYEBRANGAN'!F18) -> 0 | M18: =SUM('ANGKUTAN PENYEBRANGAN'!E18) -> 0 | N18: =SUM(PERINTIS!G18,PELRA!G18,'ANGKUTAN LAUT DALAM NEGERI'!G18,'ANGKUTAN LAUT LUAR NEGERI'!G18) -> 0 | O18: =SUM(PERINTIS!H18,PELRA!H18,'ANGKUTAN LAUT DALAM NEGERI'!H18,'ANGKUTAN LAUT LUAR NEGERI'!H18) -> 0 | P18: =SUM(PELRA!J18) -> 0 | Q18: =SUM(PERINTIS!M18,'ANGKUTAN PENYEBRANGAN'!H18) -> 0 | R18: =SUM('ANGKUTAN PENYEBRANGAN'!G18) -> 0 | S18: =SUM('ANGKUTAN LAUT LUAR NEGERI'!I18,'ANGKUTAN LAUT DALAM NEGERI'!I18,PELRA!K18,PERINTIS!I18,'ANGKUTAN PENYEBRANGAN'!I18) -> 0 | T18: =SUM('ANGKUTAN LAUT LUAR NEGERI'!J18,'ANGKUTAN LAUT DALAM NEGERI'!J18,PELRA!L18,PERINTIS!J18,'ANGKUTAN PENYEBRANGAN'!J18) -> 0 | U18: =SUM('ANGKUTAN LAUT LUAR NEGERI'!K18,'ANGKUTAN LAUT DALAM NEGERI'!K18,PELRA!M18,PERINTIS!K18,'ANGKUTAN PENYEBRANGAN'!K18) -> 0
A19: NOVEMBER | B19: =SUM('ANGKUTAN LAUT LUAR NEGERI'!C19) -> 0 | C19: =SUM('ANGKUTAN LAUT DALAM NEGERI'!C19) -> 0 | D19: =SUM(PELRA!C19) -> 0 | E19: =SUM(PERINTIS!C19) -> 0 | F19: =SUM('ANGKUTAN PENYEBRANGAN'!C19) -> 0 | G19: =SUM(B19:F19) -> 0 | H19: =SUM('ANGKUTAN LAUT LUAR NEGERI'!D19,'ANGKUTAN LAUT DALAM NEGERI'!D19,PELRA!D19,PERINTIS!D19,'ANGKUTAN PENYEBRANGAN'!D19) -> 0 | I19: =SUM(PERINTIS!E19,PELRA!E19,'ANGKUTAN LAUT DALAM NEGERI'!E19,'ANGKUTAN LAUT LUAR NEGERI'!E19) -> 0 | J19: =SUM(PERINTIS!F19,PELRA!F19,'ANGKUTAN LAUT DALAM NEGERI'!F19,'ANGKUTAN LAUT LUAR NEGERI'!F19) -> 80 | K19: =SUM(PELRA!I19) -> 0 | L19: =SUM(PERINTIS!L19,'ANGKUTAN PENYEBRANGAN'!F19) -> 0 | M19: =SUM('ANGKUTAN PENYEBRANGAN'!E19) -> 0 | N19: =SUM(PERINTIS!G19,PELRA!G19,'ANGKUTAN LAUT DALAM NEGERI'!G19,'ANGKUTAN LAUT LUAR NEGERI'!G19) -> 0 | O19: =SUM(PERINTIS!H19,PELRA!H19,'ANGKUTAN LAUT DALAM NEGERI'!H19,'ANGKUTAN LAUT LUAR NEGERI'!H19) -> 0 | P19: =SUM(PELRA!J19) -> 0 | Q19: =SUM(PERINTIS!M19,'ANGKUTAN PENYEBRANGAN'!H19) -> 0 | R19: =SUM('ANGKUTAN PENYEBRANGAN'!G19) -> 0 | S19: =SUM('ANGKUTAN LAUT LUAR NEGERI'!I19,'ANGKUTAN LAUT DALAM NEGERI'!I19,PELRA!K19,PERINTIS!I19,'ANGKUTAN PENYEBRANGAN'!I19) -> 0 | T19: =SUM('ANGKUTAN LAUT LUAR NEGERI'!J19,'ANGKUTAN LAUT DALAM NEGERI'!J19,PELRA!L19,PERINTIS!J19,'ANGKUTAN PENYEBRANGAN'!J19) -> 0 | U19: =SUM('ANGKUTAN LAUT LUAR NEGERI'!K19,'ANGKUTAN LAUT DALAM NEGERI'!K19,PELRA!M19,PERINTIS!K19,'ANGKUTAN PENYEBRANGAN'!K19) -> 0
A20: DESEMBER | B20: =SUM('ANGKUTAN LAUT LUAR NEGERI'!C20) -> 0 | C20: =SUM('ANGKUTAN LAUT DALAM NEGERI'!C20) -> 0 | D20: =SUM(PELRA!C20) -> 0 | E20: =SUM(PERINTIS!C20) -> 0 | F20: =SUM('ANGKUTAN PENYEBRANGAN'!C20) -> 0 | G20: =SUM(B20:F20) -> 0 | H20: =SUM('ANGKUTAN LAUT LUAR NEGERI'!D20,'ANGKUTAN LAUT DALAM NEGERI'!D20,PELRA!D20,PERINTIS!D20,'ANGKUTAN PENYEBRANGAN'!D20) -> 0 | I20: =SUM(PERINTIS!E20,PELRA!E20,'ANGKUTAN LAUT DALAM NEGERI'!E20,'ANGKUTAN LAUT LUAR NEGERI'!E20) -> 0 | J20: =SUM(PERINTIS!F20,PELRA!F20,'ANGKUTAN LAUT DALAM NEGERI'!F20,'ANGKUTAN LAUT LUAR NEGERI'!F20) -> 80 | K20: =SUM(PELRA!I20) -> 0 | L20: =SUM(PERINTIS!L20,'ANGKUTAN PENYEBRANGAN'!F20) -> 0 | M20: =SUM('ANGKUTAN PENYEBRANGAN'!E20) -> 0 | N20: =SUM(PERINTIS!G20,PELRA!G20,'ANGKUTAN LAUT DALAM NEGERI'!G20,'ANGKUTAN LAUT LUAR NEGERI'!G20) -> 0 | O20: =SUM(PERINTIS!H20,PELRA!H20,'ANGKUTAN LAUT DALAM NEGERI'!H20,'ANGKUTAN LAUT LUAR NEGERI'!H20) -> 0 | P20: =SUM(PELRA!J20) -> 0 | Q20: =SUM(PERINTIS!M20,'ANGKUTAN PENYEBRANGAN'!H20) -> 0 | R20: =SUM('ANGKUTAN PENYEBRANGAN'!G20) -> 0 | S20: =SUM('ANGKUTAN LAUT LUAR NEGERI'!I20,'ANGKUTAN LAUT DALAM NEGERI'!I20,PELRA!K20,PERINTIS!I20,'ANGKUTAN PENYEBRANGAN'!I20) -> 0 | T20: =SUM('ANGKUTAN LAUT LUAR NEGERI'!J20,'ANGKUTAN LAUT DALAM NEGERI'!J20,PELRA!L20,PERINTIS!J20,'ANGKUTAN PENYEBRANGAN'!J20) -> 0 | U20: =SUM('ANGKUTAN LAUT LUAR NEGERI'!K20,'ANGKUTAN LAUT DALAM NEGERI'!K20,PELRA!M20,PERINTIS!K20,'ANGKUTAN PENYEBRANGAN'!K20) -> 0
A21: TOTAL | B21: =SUM(B9:B20) -> 1 | C21: =SUM(C9:C20) -> 4 | D21: =SUM(D9:D20) -> 28 | E21: =SUM(E9:E20) -> 22 | F21: =SUM(F9:F20) -> 38 | G21: =SUM(G9:G20) -> 93 | H21: =SUM(H9:H20) -> 79819 | I21: =SUM(I9:I20) -> 787 | ... U21: =SUM(U9:U20) -> 2177
A23: PELABUHAN UJUNG
A24: BULAN | B24: JENIS PELAYARAN / JUMLAH KUNJUNGAN KAPAL | G24: JUMLAH | I24: BONGKAR | N24: MUAT | S24: PENUMPANG
B25: LUAR NEGERI | C25: DALAM NEGERI | D25: PELRA | E25: PERINTIS | F25: FERRY | G25: KAPAL | H25: GT. | I25: BARANG TON / M3 | K25: HEWAN EKOR | L25: KENDARAAN / UNIT | N25: BARANG TON / M3 | P25: HEWAN EKOR | Q25: KENDARAAN / UNIT | S25: TURUN | T25: NAIK | U25: LANJUTAN
I26: CARGO | J26: CURAH | L26: MOTOR | M26: MOBIL | N26: CARGO | O26: CURAH | Q26: MOTOR | R26: MOBIL | S26: ( Orang) | T26: ( Orang ) | U26: ( Orang )
A27: JANUARI | B27: =SUM('ANGKUTAN LAUT LUAR NEGERI'!C27) -> 0 | C27: =SUM('ANGKUTAN LAUT DALAM NEGERI'!C27) -> 0 | D27: =SUM(PELRA!C27) -> 1 | E27: =SUM(PERINTIS!C27) -> 0 | F27: =SUM('ANGKUTAN PENYEBRANGAN'!C27) -> 0 | G27: =SUM(B27:F27) -> 1 | H27: =SUM('ANGKUTAN LAUT LUAR NEGERI'!D27,'ANGKUTAN LAUT DALAM NEGERI'!D27,PELRA!D27,PERINTIS!D27,'ANGKUTAN PENYEBRANGAN'!D27) -> 22 | I27: =SUM(PERINTIS!E27,PELRA!E27,'ANGKUTAN LAUT DALAM NEGERI'!E27,'ANGKUTAN LAUT LUAR NEGERI'!E27) -> 0 | J27: =SUM(PERINTIS!F27,PELRA!F27,'ANGKUTAN LAUT DALAM NEGERI'!F27,'ANGKUTAN LAUT LUAR NEGERI'!F27) -> 0 | K27: =SUM(PELRA!I27) -> 0 | L27: =SUM(PERINTIS!L27,'ANGKUTAN PENYEBRANGAN'!F27) -> 0 | M27: =SUM('ANGKUTAN PENYEBRANGAN'!E27) -> 0 | N27: =SUM(PERINTIS!G27,PELRA!G27,'ANGKUTAN LAUT DALAM NEGERI'!G27,'ANGKUTAN LAUT LUAR NEGERI'!G27) -> 25 | O27: =SUM(PERINTIS!H27,PELRA!H27,'ANGKUTAN LAUT DALAM NEGERI'!H27,'ANGKUTAN LAUT LUAR NEGERI'!H27) -> 0 | P27: =SUM(PELRA!J27) -> 0 | Q27: =SUM(PERINTIS!M27,'ANGKUTAN PENYEBRANGAN'!H27) -> 0 | R27: =SUM('ANGKUTAN PENYEBRANGAN'!G27) -> 0 | S27: =SUM('ANGKUTAN LAUT LUAR NEGERI'!I27,'ANGKUTAN LAUT DALAM NEGERI'!I27,PELRA!K27,PERINTIS!I27,'ANGKUTAN PENYEBRANGAN'!I27) -> 0 | T27: =SUM('ANGKUTAN LAUT LUAR NEGERI'!J27,'ANGKUTAN LAUT DALAM NEGERI'!J27,PELRA!L27,PERINTIS!J27,'ANGKUTAN PENYEBRANGAN'!J27) -> 0 | U27: =SUM('ANGKUTAN LAUT LUAR NEGERI'!K27,'ANGKUTAN LAUT DALAM NEGERI'!K27,PELRA!M27,PERINTIS!K27,'ANGKUTAN PENYEBRANGAN'!K27) -> 0
A28: FEBRUARI | B28: =SUM('ANGKUTAN LAUT LUAR NEGERI'!C28) -> 0 | C28: =SUM('ANGKUTAN LAUT DALAM NEGERI'!C28) -> 0 | D28: =SUM(PELRA!C28) -> 3 | E28: =SUM(PERINTIS!C28) -> 0 | F28: =SUM('ANGKUTAN PENYEBRANGAN'!C28) -> 0 | G28: =SUM(B28:F28) -> 3 | H28: =SUM('ANGKUTAN LAUT LUAR NEGERI'!D28,'ANGKUTAN LAUT DALAM NEGERI'!D28,PELRA!D28,PERINTIS!D28,'ANGKUTAN PENYEBRANGAN'!D28) -> 59 | I28: =SUM(PERINTIS!E28,PELRA!E28,'ANGKUTAN LAUT DALAM NEGERI'!E28,'ANGKUTAN LAUT LUAR NEGERI'!E28) -> 0 | J28: =SUM(PERINTIS!F28,PELRA!F28,'ANGKUTAN LAUT DALAM NEGERI'!F28,'ANGKUTAN LAUT LUAR NEGERI'!F28) -> 0 | K28: =SUM(PELRA!I28) -> 0 | L28: =SUM(PERINTIS!L28,'ANGKUTAN PENYEBRANGAN'!F28) -> 0 | M28: =SUM('ANGKUTAN PENYEBRANGAN'!E28) -> 0 | N28: =SUM(PERINTIS!G28,PELRA!G28,'ANGKUTAN LAUT DALAM NEGERI'!G28,'ANGKUTAN LAUT LUAR NEGERI'!G28) -> 69 | O28: =SUM(PERINTIS!H28,PELRA!H28,'ANGKUTAN LAUT DALAM NEGERI'!H28,'ANGKUTAN LAUT LUAR NEGERI'!H28) -> 0 | P28: =SUM(PELRA!J28) -> 0 | Q28: =SUM(PERINTIS!M28,'ANGKUTAN PENYEBRANGAN'!H28) -> 0 | R28: =SUM('ANGKUTAN PENYEBRANGAN'!G28) -> 0 | S28: =SUM('ANGKUTAN LAUT LUAR NEGERI'!I28,'ANGKUTAN LAUT DALAM NEGERI'!I28,PELRA!K28,PERINTIS!I28,'ANGKUTAN PENYEBRANGAN'!I28) -> 0 | T28: =SUM('ANGKUTAN LAUT LUAR NEGERI'!J28,'ANGKUTAN LAUT DALAM NEGERI'!J28,PELRA!L28,PERINTIS!J28,'ANGKUTAN PENYEBRANGAN'!J28) -> 0 | U28: =SUM('ANGKUTAN LAUT LUAR NEGERI'!K28,'ANGKUTAN LAUT DALAM NEGERI'!K28,PELRA!M28,PERINTIS!K28,'ANGKUTAN PENYEBRANGAN'!K28) -> 0
A29: MARET | B29: =SUM('ANGKUTAN LAUT LUAR NEGERI'!C29) -> 0 | C29: =SUM('ANGKUTAN LAUT DALAM NEGERI'!C29) -> 0 | D29: =SUM(PELRA!C29) -> 0 | E29: =SUM(PERINTIS!C29) -> 0 | F29: =SUM('ANGKUTAN PENYEBRANGAN'!C29) -> 0 | G29: =SUM(B29:F29) -> 0 | H29: =SUM('ANGKUTAN LAUT LUAR NEGERI'!D29,'ANGKUTAN LAUT DALAM NEGERI'!D29,PELRA!D29,PERINTIS!D29,'ANGKUTAN PENYEBRANGAN'!D29) -> 0 | I29: =SUM(PERINTIS!E29,PELRA!E29,'ANGKUTAN LAUT DALAM NEGERI'!E29,'ANGKUTAN LAUT LUAR NEGERI'!E29) -> 0 | J29: =SUM(PERINTIS!F29,PELRA!F29,'ANGKUTAN LAUT DALAM NEGERI'!F29,'ANGKUTAN LAUT LUAR NEGERI'!F29) -> 0 | K29: =SUM(PELRA!I29) -> 0 | L29: =SUM(PERINTIS!L29,'ANGKUTAN PENYEBRANGAN'!F29) -> 0 | M29: =SUM('ANGKUTAN PENYEBRANGAN'!E29) -> 0 | N29: =SUM(PERINTIS!G29,PELRA!G29,'ANGKUTAN LAUT DALAM NEGERI'!G29,'ANGKUTAN LAUT LUAR NEGERI'!G29) -> 0 | O29: =SUM(PERINTIS!H29,PELRA!H29,'ANGKUTAN LAUT DALAM NEGERI'!H29,'ANGKUTAN LAUT LUAR NEGERI'!H29) -> 0 | P29: =SUM(PELRA!J29) -> 0 | Q29: =SUM(PERINTIS!M29,'ANGKUTAN PENYEBRANGAN'!H29) -> 0 | R29: =SUM('ANGKUTAN PENYEBRANGAN'!G29) -> 0 | S29: =SUM('ANGKUTAN LAUT LUAR NEGERI'!I29,'ANGKUTAN LAUT DALAM NEGERI'!I29,PELRA!K29,PERINTIS!I29,'ANGKUTAN PENYEBRANGAN'!I29) -> 0 | T29: =SUM('ANGKUTAN LAUT LUAR NEGERI'!J29,'ANGKUTAN LAUT DALAM NEGERI'!J29,PELRA!L29,PERINTIS!J29,'ANGKUTAN PENYEBRANGAN'!J29) -> 0 | U29: =SUM('ANGKUTAN LAUT LUAR NEGERI'!K29,'ANGKUTAN LAUT DALAM NEGERI'!K29,PELRA!M29,PERINTIS!K29,'ANGKUTAN PENYEBRANGAN'!K29) -> 0
A30: APRIL | B30: =SUM('ANGKUTAN LAUT LUAR NEGERI'!C30) -> 0 | C30: =SUM('ANGKUTAN LAUT DALAM NEGERI'!C30) -> 0 | D30: =SUM(PELRA!C30) -> 0 | E30: =SUM(PERINTIS!C30) -> 0 | F30: =SUM('ANGKUTAN PENYEBRANGAN'!C30) -> 0 | G30: =SUM(B30:F30) -> 0 | H30: =SUM('ANGKUTAN LAUT LUAR NEGERI'!D30,'ANGKUTAN LAUT DALAM NEGERI'!D30,PELRA!D30,PERINTIS!D30,'ANGKUTAN PENYEBRANGAN'!D30) -> 0 | I30: =SUM(PERINTIS!E30,PELRA!E30,'ANGKUTAN LAUT DALAM NEGERI'!E30,'ANGKUTAN LAUT LUAR NEGERI'!E30) -> 0 | J30: =SUM(PERINTIS!F30,PELRA!F30,'ANGKUTAN LAUT DALAM NEGERI'!F30,'ANGKUTAN LAUT LUAR NEGERI'!F30) -> 0 | K30: =SUM(PELRA!I30) -> 0 | L30: =SUM(PERINTIS!L30,'ANGKUTAN PENYEBRANGAN'!F30) -> 0 | M30: =SUM('ANGKUTAN PENYEBRANGAN'!E30) -> 0 | N30: =SUM(PERINTIS!G30,PELRA!G30,'ANGKUTAN LAUT DALAM NEGERI'!G30,'ANGKUTAN LAUT LUAR NEGERI'!G30) -> 0 | O30: =SUM(PERINTIS!H30,PELRA!H30,'ANGKUTAN LAUT DALAM NEGERI'!H30,'ANGKUTAN LAUT LUAR NEGERI'!H30) -> 0 | P30: =SUM(PELRA!J30) -> 0 | Q30: =SUM(PERINTIS!M30,'ANGKUTAN PENYEBRANGAN'!H30) -> 0 | R30: =SUM('ANGKUTAN PENYEBRANGAN'!G30) -> 0 | S30: =SUM('ANGKUTAN LAUT LUAR NEGERI'!I30,'ANGKUTAN LAUT DALAM NEGERI'!I30,PELRA!K30,PERINTIS!I30,'ANGKUTAN PENYEBRANGAN'!I30) -> 0 | T30: =SUM('ANGKUTAN LAUT LUAR NEGERI'!J30,'ANGKUTAN LAUT DALAM NEGERI'!J30,PELRA!L30,PERINTIS!J30,'ANGKUTAN PENYEBRANGAN'!J30) -> 0 | U30: =SUM('ANGKUTAN LAUT LUAR NEGERI'!K30,'ANGKUTAN LAUT DALAM NEGERI'!K30,PELRA!M30,PERINTIS!K30,'ANGKUTAN PENYEBRANGAN'!K30) -> 0
A31: MEI | B31: =SUM('ANGKUTAN LAUT LUAR NEGERI'!C31) -> 0 | C31: =SUM('ANGKUTAN LAUT DALAM NEGERI'!C31) -> 0 | D31: =SUM(PELRA!C31) -> 0 | E31: =SUM(PERINTIS!C31) -> 0 | F31: =SUM('ANGKUTAN PENYEBRANGAN'!C31) -> 0 | G31: =SUM(B31:F31) -> 0 | H31: =SUM('ANGKUTAN LAUT LUAR NEGERI'!D31,'ANGKUTAN LAUT DALAM NEGERI'!D31,PELRA!D31,PERINTIS!D31,'ANGKUTAN PENYEBRANGAN'!D31) -> 0 | I31: =SUM(PERINTIS!E31,PELRA!E31,'ANGKUTAN LAUT DALAM NEGERI'!E31,'ANGKUTAN LAUT LUAR NEGERI'!E31) -> 0 | J31: =SUM(PERINTIS!F31,PELRA!F31,'ANGKUTAN LAUT DALAM NEGERI'!F31,'ANGKUTAN LAUT LUAR NEGERI'!F31) -> 0 | K31: =SUM(PELRA!I31) -> 0 | L31: =SUM(PERINTIS!L31,'ANGKUTAN PENYEBRANGAN'!F31) -> 0 | M31: =SUM('ANGKUTAN PENYEBRANGAN'!E31) -> 0 | N31: =SUM(PERINTIS!G31,PELRA!G31,'ANGKUTAN LAUT DALAM NEGERI'!G31,'ANGKUTAN LAUT LUAR NEGERI'!G31) -> 0 | O31: =SUM(PERINTIS!H31,PELRA!H31,'ANGKUTAN LAUT DALAM NEGERI'!H31,'ANGKUTAN LAUT LUAR NEGERI'!H31) -> 0 | P31: =SUM(PELRA!J31) -> 0 | Q31: =SUM(PERINTIS!M31,'ANGKUTAN PENYEBRANGAN'!H31) -> 0 | R31: =SUM('ANGKUTAN PENYEBRANGAN'!G31) -> 0 | S31: =SUM('ANGKUTAN LAUT LUAR NEGERI'!I31,'ANGKUTAN LAUT DALAM NEGERI'!I31,PELRA!K31,PERINTIS!I31,'ANGKUTAN PENYEBRANGAN'!I31) -> 0 | T31: =SUM('ANGKUTAN LAUT LUAR NEGERI'!J31,'ANGKUTAN LAUT DALAM NEGERI'!J31,PELRA!L31,PERINTIS!J31,'ANGKUTAN PENYEBRANGAN'!J31) -> 0 | U31: =SUM('ANGKUTAN LAUT LUAR NEGERI'!K31,'ANGKUTAN LAUT DALAM NEGERI'!K31,PELRA!M31,PERINTIS!K31,'ANGKUTAN PENYEBRANGAN'!K31) -> 0
A32: JUNI | B32: =SUM('ANGKUTAN LAUT LUAR NEGERI'!C32) -> 0 | C32: =SUM('ANGKUTAN LAUT DALAM NEGERI'!C32) -> 0 | D32: =SUM(PELRA!C32) -> 0 | E32: =SUM(PERINTIS!C32) -> 0 | F32: =SUM('ANGKUTAN PENYEBRANGAN'!C32) -> 0 | G32: =SUM(B32:F32) -> 0 | H32: =SUM('ANGKUTAN LAUT LUAR NEGERI'!D32,'ANGKUTAN LAUT DALAM NEGERI'!D32,PELRA!D32,PERINTIS!D32,'ANGKUTAN PENYEBRANGAN'!D32) -> 0 | I32: =SUM(PERINTIS!E32,PELRA!E32,'ANGKUTAN LAUT DALAM NEGERI'!E32,'ANGKUTAN LAUT LUAR NEGERI'!E32) -> 0 | J32: =SUM(PERINTIS!F32,PELRA!F32,'ANGKUTAN LAUT DALAM NEGERI'!F32,'ANGKUTAN LAUT LUAR NEGERI'!F32) -> 0 | K32: =SUM(PELRA!I32) -> 0 | L32: =SUM(PERINTIS!L32,'ANGKUTAN PENYEBRANGAN'!F32) -> 0 | M32: =SUM('ANGKUTAN PENYEBRANGAN'!E32) -> 0 | N32: =SUM(PERINTIS!G32,PELRA!G32,'ANGKUTAN LAUT DALAM NEGERI'!G32,'ANGKUTAN LAUT LUAR NEGERI'!G32) -> 0 | O32: =SUM(PERINTIS!H32,PELRA!H32,'ANGKUTAN LAUT DALAM NEGERI'!H32,'ANGKUTAN LAUT LUAR NEGERI'!H32) -> 0 | P32: =SUM(PELRA!J32) -> 0 | Q32: =SUM(PERINTIS!M32,'ANGKUTAN PENYEBRANGAN'!H32) -> 0 | R32: =SUM('ANGKUTAN PENYEBRANGAN'!G32) -> 0 | S32: =SUM('ANGKUTAN LAUT LUAR NEGERI'!I32,'ANGKUTAN LAUT DALAM NEGERI'!I32,PELRA!K32,PERINTIS!I32,'ANGKUTAN PENYEBRANGAN'!I32) -> 0 | T32: =SUM('ANGKUTAN LAUT LUAR NEGERI'!J32,'ANGKUTAN LAUT DALAM NEGERI'!J32,PELRA!L32,PERINTIS!J32,'ANGKUTAN PENYEBRANGAN'!J32) -> 0 | U32: =SUM('ANGKUTAN LAUT LUAR NEGERI'!K32,'ANGKUTAN LAUT DALAM NEGERI'!K32,PELRA!M32,PERINTIS!K32,'ANGKUTAN PENYEBRANGAN'!K32) -> 0
A33: JULI | B33: =SUM('ANGKUTAN LAUT LUAR NEGERI'!C33) -> 0 | C33: =SUM('ANGKUTAN LAUT DALAM NEGERI'!C33) -> 0 | D33: =SUM(PELRA!C33) -> 0 | E33: =SUM(PERINTIS!C33) -> 0 | F33: =SUM('ANGKUTAN PENYEBRANGAN'!C33) -> 0 | G33: =SUM(B33:F33) -> 0 | H33: =SUM('ANGKUTAN LAUT LUAR NEGERI'!D33,'ANGKUTAN LAUT DALAM NEGERI'!D33,PELRA!D33,PERINTIS!D33,'ANGKUTAN PENYEBRANGAN'!D33) -> 0 | I33: =SUM(PERINTIS!E33,PELRA!E33,'ANGKUTAN LAUT DALAM NEGERI'!E33,'ANGKUTAN LAUT LUAR NEGERI'!E33) -> 0 | J33: =SUM(PERINTIS!F33,PELRA!F33,'ANGKUTAN LAUT DALAM NEGERI'!F33,'ANGKUTAN LAUT LUAR NEGERI'!F33) -> 0 | K33: =SUM(PELRA!I33) -> 0 | L33: =SUM(PERINTIS!L33,'ANGKUTAN PENYEBRANGAN'!F33) -> 0 | M33: =SUM('ANGKUTAN PENYEBRANGAN'!E33) -> 0 | N33: =SUM(PERINTIS!G33,PELRA!G33,'ANGKUTAN LAUT DALAM NEGERI'!G33,'ANGKUTAN LAUT LUAR NEGERI'!G33) -> 0 | O33: =SUM(PERINTIS!H33,PELRA!H33,'ANGKUTAN LAUT DALAM NEGERI'!H33,'ANGKUTAN LAUT LUAR NEGERI'!H33) -> 0 | P33: =SUM(PELRA!J33) -> 0 | Q33: =SUM(PERINTIS!M33,'ANGKUTAN PENYEBRANGAN'!H33) -> 0 | R33: =SUM('ANGKUTAN PENYEBRANGAN'!G33) -> 0 | S33: =SUM('ANGKUTAN LAUT LUAR NEGERI'!I33,'ANGKUTAN LAUT DALAM NEGERI'!I33,PELRA!K33,PERINTIS!I33,'ANGKUTAN PENYEBRANGAN'!I33) -> 0 | T33: =SUM('ANGKUTAN LAUT LUAR NEGERI'!J33,'ANGKUTAN LAUT DALAM NEGERI'!J33,PELRA!L33,PERINTIS!J33,'ANGKUTAN PENYEBRANGAN'!J33) -> 0 | U33: =SUM('ANGKUTAN LAUT LUAR NEGERI'!K33,'ANGKUTAN LAUT DALAM NEGERI'!K33,PELRA!M33,PERINTIS!K33,'ANGKUTAN PENYEBRANGAN'!K33) -> 0
A34: AGUSTUS | B34: =SUM('ANGKUTAN LAUT LUAR NEGERI'!C34) -> 0 | C34: =SUM('ANGKUTAN LAUT DALAM NEGERI'!C34) -> 0 | D34: =SUM(PELRA!C34) -> 0 | E34: =SUM(PERINTIS!C34) -> 0 | F34: =SUM('ANGKUTAN PENYEBRANGAN'!C34) -> 0 | G34: =SUM(B34:F34) -> 0 | H34: =SUM('ANGKUTAN LAUT LUAR NEGERI'!D34,'ANGKUTAN LAUT DALAM NEGERI'!D34,PELRA!D34,PERINTIS!D34,'ANGKUTAN PENYEBRANGAN'!D34) -> 0 | I34: =SUM(PERINTIS!E34,PELRA!E34,'ANGKUTAN LAUT DALAM NEGERI'!E34,'ANGKUTAN LAUT LUAR NEGERI'!E34) -> 0 | J34: =SUM(PERINTIS!F34,PELRA!F34,'ANGKUTAN LAUT DALAM NEGERI'!F34,'ANGKUTAN LAUT LUAR NEGERI'!F34) -> 0 | K34: =SUM(PELRA!I34) -> 0 | L34: =SUM(PERINTIS!L34,'ANGKUTAN PENYEBRANGAN'!F34) -> 0 | M34: =SUM('ANGKUTAN PENYEBRANGAN'!E34) -> 0 | N34: =SUM(PERINTIS!G34,PELRA!G34,'ANGKUTAN LAUT DALAM NEGERI'!G34,'ANGKUTAN LAUT LUAR NEGERI'!G34) -> 0 | O34: =SUM(PERINTIS!H34,PELRA!H34,'ANGKUTAN LAUT DALAM NEGERI'!H34,'ANGKUTAN LAUT LUAR NEGERI'!H34) -> 0 | P34: =SUM(PELRA!J34) -> 0 | Q34: =SUM(PERINTIS!M34,'ANGKUTAN PENYEBRANGAN'!H34) -> 0 | R34: =SUM('ANGKUTAN PENYEBRANGAN'!G34) -> 0 | S34: =SUM('ANGKUTAN LAUT LUAR NEGERI'!I34,'ANGKUTAN LAUT DALAM NEGERI'!I34,PELRA!K34,PERINTIS!I34,'ANGKUTAN PENYEBRANGAN'!I34) -> 0 | T34: =SUM('ANGKUTAN LAUT LUAR NEGERI'!J34,'ANGKUTAN LAUT DALAM NEGERI'!J34,PELRA!L34,PERINTIS!J34,'ANGKUTAN PENYEBRANGAN'!J34) -> 0 | U34: =SUM('ANGKUTAN LAUT LUAR NEGERI'!K34,'ANGKUTAN LAUT DALAM NEGERI'!K34,PELRA!M34,PERINTIS!K34,'ANGKUTAN PENYEBRANGAN'!K34) -> 0
A35: SEPTEMBER | B35: =SUM('ANGKUTAN LAUT LUAR NEGERI'!C35) -> 0 | C35: =SUM('ANGKUTAN LAUT DALAM NEGERI'!C35) -> 0 | D35: =SUM(PELRA!C35) -> 0 | E35: =SUM(PERINTIS!C35) -> 0 | F35: =SUM('ANGKUTAN PENYEBRANGAN'!C35) -> 0 | G35: =SUM(B35:F35) -> 0 | H35: =SUM('ANGKUTAN LAUT LUAR NEGERI'!D35,'ANGKUTAN LAUT DALAM NEGERI'!D35,PELRA!D35,PERINTIS!D35,'ANGKUTAN PENYEBRANGAN'!D35) -> 0 | I35: =SUM(PERINTIS!E35,PELRA!E35,'ANGKUTAN LAUT DALAM NEGERI'!E35,'ANGKUTAN LAUT LUAR NEGERI'!E35) -> 0 | J35: =SUM(PERINTIS!F35,PELRA!F35,'ANGKUTAN LAUT DALAM NEGERI'!F35,'ANGKUTAN LAUT LUAR NEGERI'!F35) -> 0 | K35: =SUM(PELRA!I35) -> 0 | L35: =SUM(PERINTIS!L35,'ANGKUTAN PENYEBRANGAN'!F35) -> 0 | M35: =SUM('ANGKUTAN PENYEBRANGAN'!E35) -> 0 | N35: =SUM(PERINTIS!G35,PELRA!G35,'ANGKUTAN LAUT DALAM NEGERI'!G35,'ANGKUTAN LAUT LUAR NEGERI'!G35) -> 0 | O35: =SUM(PERINTIS!H35,PELRA!H35,'ANGKUTAN LAUT DALAM NEGERI'!H35,'ANGKUTAN LAUT LUAR NEGERI'!H35) -> 0 | P35: =SUM(PELRA!J35) -> 0 | Q35: =SUM(PERINTIS!M35,'ANGKUTAN PENYEBRANGAN'!H35) -> 0 | R35: =SUM('ANGKUTAN PENYEBRANGAN'!G35) -> 0 | S35: =SUM('ANGKUTAN LAUT LUAR NEGERI'!I35,'ANGKUTAN LAUT DALAM NEGERI'!I35,PELRA!K35,PERINTIS!I35,'ANGKUTAN PENYEBRANGAN'!I35) -> 0 | T35: =SUM('ANGKUTAN LAUT LUAR NEGERI'!J35,'ANGKUTAN LAUT DALAM NEGERI'!J35,PELRA!L35,PERINTIS!J35,'ANGKUTAN PENYEBRANGAN'!J35) -> 0 | U35: =SUM('ANGKUTAN LAUT LUAR NEGERI'!K35,'ANGKUTAN LAUT DALAM NEGERI'!K35,PELRA!M35,PERINTIS!K35,'ANGKUTAN PENYEBRANGAN'!K35) -> 0
A36: OKTOBER | B36: =SUM('ANGKUTAN LAUT LUAR NEGERI'!C36) -> 0 | C36: =SUM('ANGKUTAN LAUT DALAM NEGERI'!C36) -> 0 | D36: =SUM(PELRA!C36) -> 0 | E36: =SUM(PERINTIS!C36) -> 0 | F36: =SUM('ANGKUTAN PENYEBRANGAN'!C36) -> 0 | G36: =SUM(B36:F36) -> 0 | H36: =SUM('ANGKUTAN LAUT LUAR NEGERI'!D36,'ANGKUTAN LAUT DALAM NEGERI'!D36,PELRA!D36,PERINTIS!D36,'ANGKUTAN PENYEBRANGAN'!D36) -> 0 | I36: =SUM(PERINTIS!E36,PELRA!E36,'ANGKUTAN LAUT DALAM NEGERI'!E36,'ANGKUTAN LAUT LUAR NEGERI'!E36) -> 0 | J36: =SUM(PERINTIS!F36,PELRA!F36,'ANGKUTAN LAUT DALAM NEGERI'!F36,'ANGKUTAN LAUT LUAR NEGERI'!F36) -> 0 | K36: =SUM(PELRA!I36) -> 0 | L36: =SUM(PERINTIS!L36,'ANGKUTAN PENYEBRANGAN'!F36) -> 0 | M36: =SUM('ANGKUTAN PENYEBRANGAN'!E36) -> 0 | N36: =SUM(PERINTIS!G36,PELRA!G36,'ANGKUTAN LAUT DALAM NEGERI'!G36,'ANGKUTAN LAUT LUAR NEGERI'!G36) -> 0 | O36: =SUM(PERINTIS!H36,PELRA!H36,'ANGKUTAN LAUT DALAM NEGERI'!H36,'ANGKUTAN LAUT LUAR NEGERI'!H36) -> 0 | P36: =SUM(PELRA!J36) -> 0 | Q36: =SUM(PERINTIS!M36,'ANGKUTAN PENYEBRANGAN'!H36) -> 0 | R36: =SUM('ANGKUTAN PENYEBRANGAN'!G36) -> 0 | S36: =SUM('ANGKUTAN LAUT LUAR NEGERI'!I36,'ANGKUTAN LAUT DALAM NEGERI'!I36,PELRA!K36,PERINTIS!I36,'ANGKUTAN PENYEBRANGAN'!I36) -> 0 | T36: =SUM('ANGKUTAN LAUT LUAR NEGERI'!J36,'ANGKUTAN LAUT DALAM NEGERI'!J36,PELRA!L36,PERINTIS!J36,'ANGKUTAN PENYEBRANGAN'!J36) -> 0 | U36: =SUM('ANGKUTAN LAUT LUAR NEGERI'!K36,'ANGKUTAN LAUT DALAM NEGERI'!K36,PELRA!M36,PERINTIS!K36,'ANGKUTAN PENYEBRANGAN'!K36) -> 0
A37: NOVEMBER | B37: =SUM('ANGKUTAN LAUT LUAR NEGERI'!C37) -> 0 | C37: =SUM('ANGKUTAN LAUT DALAM NEGERI'!C37) -> 0 | D37: =SUM(PELRA!C37) -> 0 | E37: =SUM(PERINTIS!C37) -> 0 | F37: =SUM('ANGKUTAN PENYEBRANGAN'!C37) -> 0 | G37: =SUM(B37:F37) -> 0 | H37: =SUM('ANGKUTAN LAUT LUAR NEGERI'!D37,'ANGKUTAN LAUT DALAM NEGERI'!D37,PELRA!D37,PERINTIS!D37,'ANGKUTAN PENYEBRANGAN'!D37) -> 0 | I37: =SUM(PERINTIS!E37,PELRA!E37,'ANGKUTAN LAUT DALAM NEGERI'!E37,'ANGKUTAN LAUT LUAR NEGERI'!E37) -> 0 | J37: =SUM(PERINTIS!F37,PELRA!F37,'ANGKUTAN LAUT DALAM NEGERI'!F37,'ANGKUTAN LAUT LUAR NEGERI'!F37) -> 0 | K37: =SUM(PELRA!I37) -> 0 | L37: =SUM(PERINTIS!L37,'ANGKUTAN PENYEBRANGAN'!F37) -> 0 | M37: =SUM('ANGKUTAN PENYEBRANGAN'!E37) -> 0 | N37: =SUM(PERINTIS!G37,PELRA!G37,'ANGKUTAN LAUT DALAM NEGERI'!G37,'ANGKUTAN LAUT LUAR NEGERI'!G37) -> 0 | O37: =SUM(PERINTIS!H37,PELRA!H37,'ANGKUTAN LAUT DALAM NEGERI'!H37,'ANGKUTAN LAUT LUAR NEGERI'!H37) -> 0 | P37: =SUM(PELRA!J37) -> 0 | Q37: =SUM(PERINTIS!M37,'ANGKUTAN PENYEBRANGAN'!H37) -> 0 | R37: =SUM('ANGKUTAN PENYEBRANGAN'!G37) -> 0 | S37: =SUM('ANGKUTAN LAUT LUAR NEGERI'!I37,'ANGKUTAN LAUT DALAM NEGERI'!I37,PELRA!K37,PERINTIS!I37,'ANGKUTAN PENYEBRANGAN'!I37) -> 0 | T37: =SUM('ANGKUTAN LAUT LUAR NEGERI'!J37,'ANGKUTAN LAUT DALAM NEGERI'!J37,PELRA!L37,PERINTIS!J37,'ANGKUTAN PENYEBRANGAN'!J37) -> 0 | U37: =SUM('ANGKUTAN LAUT LUAR NEGERI'!K37,'ANGKUTAN LAUT DALAM NEGERI'!K37,PELRA!M37,PERINTIS!K37,'ANGKUTAN PENYEBRANGAN'!K37) -> 0
A38: DESEMBER | B38: =SUM('ANGKUTAN LAUT LUAR NEGERI'!C38) -> 0 | C38: =SUM('ANGKUTAN LAUT DALAM NEGERI'!C38) -> 0 | D38: =SUM(PELRA!C38) -> 0 | E38: =SUM(PERINTIS!C38) -> 0 | F38: =SUM('ANGKUTAN PENYEBRANGAN'!C38) -> 0 | G38: =SUM(B38:F38) -> 0 | H38: =SUM('ANGKUTAN LAUT LUAR NEGERI'!D38,'ANGKUTAN LAUT DALAM NEGERI'!D38,PELRA!D38,PERINTIS!D38,'ANGKUTAN PENYEBRANGAN'!D38) -> 0 | I38: =SUM(PERINTIS!E38,PELRA!E38,'ANGKUTAN LAUT DALAM NEGERI'!E38,'ANGKUTAN LAUT LUAR NEGERI'!E38) -> 0 | J38: =SUM(PERINTIS!F38,PELRA!F38,'ANGKUTAN LAUT DALAM NEGERI'!F38,'ANGKUTAN LAUT LUAR NEGERI'!F38) -> 0 | K38: =SUM(PELRA!I38) -> 0 | L38: =SUM(PERINTIS!L38,'ANGKUTAN PENYEBRANGAN'!F38) -> 0 | M38: =SUM('ANGKUTAN PENYEBRANGAN'!E38) -> 0 | N38: =SUM(PERINTIS!G38,PELRA!G38,'ANGKUTAN LAUT DALAM NEGERI'!G38,'ANGKUTAN LAUT LUAR NEGERI'!G38) -> 0 | O38: =SUM(PERINTIS!H38,PELRA!H38,'ANGKUTAN LAUT DALAM NEGERI'!H38,'ANGKUTAN LAUT LUAR NEGERI'!H38) -> 0 | P38: =SUM(PELRA!J38) -> 0 | Q38: =SUM(PERINTIS!M38,'ANGKUTAN PENYEBRANGAN'!H38) -> 0 | R38: =SUM('ANGKUTAN PENYEBRANGAN'!G38) -> 0 | S38: =SUM('ANGKUTAN LAUT LUAR NEGERI'!I38,'ANGKUTAN LAUT DALAM NEGERI'!I38,PELRA!K38,PERINTIS!I38,'ANGKUTAN PENYEBRANGAN'!I38) -> 0 | T38: =SUM('ANGKUTAN LAUT LUAR NEGERI'!J38,'ANGKUTAN LAUT DALAM NEGERI'!J38,PELRA!L38,PERINTIS!J38,'ANGKUTAN PENYEBRANGAN'!J38) -> 0 | U38: =SUM('ANGKUTAN LAUT LUAR NEGERI'!K38,'ANGKUTAN LAUT DALAM NEGERI'!K38,PELRA!M38,PERINTIS!K38,'ANGKUTAN PENYEBRANGAN'!K38) -> 0
A39: TOTAL | B39: =SUM(B27:B38) -> 0 | C39: =SUM(C27:C38) -> 0 | D39: =SUM(D27:D38) -> 4 | E39: =SUM(E27:E38) -> 0 | F39: =SUM(F27:F38) -> 0 | G39: =SUM(G27:G38) -> 4 | H39: =SUM(H27:H38) -> 81 | I39: =SUM(I27:I38) -> 0 | ... U39: =SUM(U27:U38) -> 0
A41: PELABUHAN KAYUADI
A42: BULAN | B42: JENIS PELAYARAN / JUMLAH KUNJUNGAN KAPAL | G42: JUMLAH | I42: BONGKAR | N42: MUAT | S42: PENUMPANG
B43: LUAR NEGERI | C43: DALAM NEGERI | D43: PELRA | E43: PERINTIS | F43: FERRY | G43: KAPAL | H43: GT. | I43: BARANG TON / M3 | K43: HEWAN EKOR | L43: KENDARAAN / UNIT | N43: BARANG TON / M3 | P43: HEWAN EKOR | Q43: KENDARAAN / UNIT | S43: TURUN | T43: NAIK | U43: LANJUTAN
I44: CARGO | J44: CURAH | L44: MOTOR | M44: MOBIL | N44: CARGO | O44: CURAH | Q44: MOTOR | R44: MOBIL | S44: ( Orang) | T44: ( Orang ) | U44: ( Orang )
A45: JANUARI | B45: =SUM('ANGKUTAN LAUT LUAR NEGERI'!C45) -> 0 | C45: =SUM('ANGKUTAN LAUT DALAM NEGERI'!C45) -> 0 | D45: =SUM(PELRA!C45) -> 3 | E45: =SUM(PERINTIS!C45) -> 5 | F45: =SUM('ANGKUTAN PENYEBRANGAN'!C45) -> 7 | G45: =SUM(B45:F45) -> 15 | H45: =SUM('ANGKUTAN LAUT LUAR NEGERI'!D45,'ANGKUTAN LAUT DALAM NEGERI'!D45,PELRA!D45,PERINTIS!D45,'ANGKUTAN PENYEBRANGAN'!D45) -> 16629 | I45: =SUM(PERINTIS!E45,PELRA!E45,'ANGKUTAN LAUT DALAM NEGERI'!E45,'ANGKUTAN LAUT LUAR NEGERI'!E45) -> 69 | J45: =SUM(PERINTIS!F45,PELRA!F45,'ANGKUTAN LAUT DALAM NEGERI'!F45,'ANGKUTAN LAUT LUAR NEGERI'!F45) -> 0 | K45: =SUM(PELRA!I45) -> 0 | L45: =SUM(PERINTIS!L45,'ANGKUTAN PENYEBRANGAN'!F45) -> 78 | M45: =SUM('ANGKUTAN PENYEBRANGAN'!E45) -> 0 | N45: =SUM(PERINTIS!G45,PELRA!G45,'ANGKUTAN LAUT DALAM NEGERI'!G45,'ANGKUTAN LAUT LUAR NEGERI'!G45) -> 30 | O45: =SUM(PERINTIS!H45,PELRA!H45,'ANGKUTAN LAUT DALAM NEGERI'!H45,'ANGKUTAN LAUT LUAR NEGERI'!H45) -> 0 | P45: =SUM(PELRA!J45) -> 0 | Q45: =SUM(PERINTIS!M45,'ANGKUTAN PENYEBRANGAN'!H45) -> 51 | R45: =SUM('ANGKUTAN PENYEBRANGAN'!G45) -> 0 | S45: =SUM('ANGKUTAN LAUT LUAR NEGERI'!I45,'ANGKUTAN LAUT DALAM NEGERI'!I45,PELRA!K45,PERINTIS!I45,'ANGKUTAN PENYEBRANGAN'!I45) -> 594 | T45: =SUM('ANGKUTAN LAUT LUAR NEGERI'!J45,'ANGKUTAN LAUT DALAM NEGERI'!J45,PELRA!L45,PERINTIS!J45,'ANGKUTAN PENYEBRANGAN'!J45) -> 296 | U45: =SUM('ANGKUTAN LAUT LUAR NEGERI'!K45,'ANGKUTAN LAUT DALAM NEGERI'!K45,PELRA!M45,PERINTIS!K45,'ANGKUTAN PENYEBRANGAN'!K45) -> 1355
A46: FEBRUARI | B46: =SUM('ANGKUTAN LAUT LUAR NEGERI'!C46) -> 0 | C46: =SUM('ANGKUTAN LAUT DALAM NEGERI'!C46) -> 0 | D46: =SUM(PELRA!C46) -> 3 | E46: =SUM(PERINTIS!C46) -> 5 | F46: =SUM('ANGKUTAN PENYEBRANGAN'!C46) -> 13 | G46: =SUM(B46:F46) -> 21 | H46: =SUM('ANGKUTAN LAUT LUAR NEGERI'!D46,'ANGKUTAN LAUT DALAM NEGERI'!D46,PELRA!D46,PERINTIS!D46,'ANGKUTAN PENYEBRANGAN'!D46) -> 21508 | I46: =SUM(PERINTIS!E46,PELRA!E46,'ANGKUTAN LAUT DALAM NEGERI'!E46,'ANGKUTAN LAUT LUAR NEGERI'!E46) -> 28 | J46: =SUM(PERINTIS!F46,PELRA!F46,'ANGKUTAN LAUT DALAM NEGERI'!F46,'ANGKUTAN LAUT LUAR NEGERI'!F46) -> 0 | K46: =SUM(PELRA!I46) -> 0 | L46: =SUM(PERINTIS!L46,'ANGKUTAN PENYEBRANGAN'!F46) -> 74 | M46: =SUM('ANGKUTAN PENYEBRANGAN'!E46) -> 0 | N46: =SUM(PERINTIS!G46,PELRA!G46,'ANGKUTAN LAUT DALAM NEGERI'!G46,'ANGKUTAN LAUT LUAR NEGERI'!G46) -> 50 | O46: =SUM(PERINTIS!H46,PELRA!H46,'ANGKUTAN LAUT DALAM NEGERI'!H46,'ANGKUTAN LAUT LUAR NEGERI'!H46) -> 0 | P46: =SUM(PELRA!J46) -> 0 | Q46: =SUM(PERINTIS!M46,'ANGKUTAN PENYEBRANGAN'!H46) -> 99 | R46: =SUM('ANGKUTAN PENYEBRANGAN'!G46) -> 0 | S46: =SUM('ANGKUTAN LAUT LUAR NEGERI'!I46,'ANGKUTAN LAUT DALAM NEGERI'!I46,PELRA!K46,PERINTIS!I46,'ANGKUTAN PENYEBRANGAN'!I46) -> 381 | T46: =SUM('ANGKUTAN LAUT LUAR NEGERI'!J46,'ANGKUTAN LAUT DALAM NEGERI'!J46,PELRA!L46,PERINTIS!J46,'ANGKUTAN PENYEBRANGAN'!J46) -> 431 | U46: =SUM('ANGKUTAN LAUT LUAR NEGERI'!K46,'ANGKUTAN LAUT DALAM NEGERI'!K46,PELRA!M46,PERINTIS!K46,'ANGKUTAN PENYEBRANGAN'!K46) -> 1328
A47: MARET | B47: =SUM('ANGKUTAN LAUT LUAR NEGERI'!C47) -> 0 | C47: =SUM('ANGKUTAN LAUT DALAM NEGERI'!C47) -> 0 | D47: =SUM(PELRA!C47) -> 0 | E47: =SUM(PERINTIS!C47) -> 0 | F47: =SUM('ANGKUTAN PENYEBRANGAN'!C47) -> 0 | G47: =SUM(B47:F47) -> 0 | H47: =SUM('ANGKUTAN LAUT LUAR NEGERI'!D47,'ANGKUTAN LAUT DALAM NEGERI'!D47,PELRA!D47,PERINTIS!D47,'ANGKUTAN PENYEBRANGAN'!D47) -> 0 | I47: =SUM(PERINTIS!E47,PELRA!E47,'ANGKUTAN LAUT DALAM NEGERI'!E47,'ANGKUTAN LAUT LUAR NEGERI'!E47) -> 0 | J47: =SUM(PERINTIS!F47,PELRA!F47,'ANGKUTAN LAUT DALAM NEGERI'!F47,'ANGKUTAN LAUT LUAR NEGERI'!F47) -> 0 | K47: =SUM(PELRA!I47) -> 0 | L47: =SUM(PERINTIS!L47,'ANGKUTAN PENYEBRANGAN'!F47) -> 0 | M47: =SUM('ANGKUTAN PENYEBRANGAN'!E47) -> 0 | N47: =SUM(PERINTIS!G47,PELRA!G47,'ANGKUTAN LAUT DALAM NEGERI'!G47,'ANGKUTAN LAUT LUAR NEGERI'!G47) -> 0 | O47: =SUM(PERINTIS!H47,PELRA!H47,'ANGKUTAN LAUT DALAM NEGERI'!H47,'ANGKUTAN LAUT LUAR NEGERI'!H47) -> 0 | P47: =SUM(PELRA!J47) -> 0 | Q47: =SUM(PERINTIS!M47,'ANGKUTAN PENYEBRANGAN'!H47) -> 0 | R47: =SUM('ANGKUTAN PENYEBRANGAN'!G47) -> 0 | S47: =SUM('ANGKUTAN LAUT LUAR NEGERI'!I47,'ANGKUTAN LAUT DALAM NEGERI'!I47,PELRA!K47,PERINTIS!I47,'ANGKUTAN PENYEBRANGAN'!I47) -> 0 | T47: =SUM('ANGKUTAN LAUT LUAR NEGERI'!J47,'ANGKUTAN LAUT DALAM NEGERI'!J47,PELRA!L47,PERINTIS!J47,'ANGKUTAN PENYEBRANGAN'!J47) -> 0 | U47: =SUM('ANGKUTAN LAUT LUAR NEGERI'!K47,'ANGKUTAN LAUT DALAM NEGERI'!K47,PELRA!M47,PERINTIS!K47,'ANGKUTAN PENYEBRANGAN'!K47) -> 0
A48: APRIL | B48: =SUM('ANGKUTAN LAUT LUAR NEGERI'!C48) -> 0 | C48: =SUM('ANGKUTAN LAUT DALAM NEGERI'!C48) -> 0 | D48: =SUM(PELRA!C48) -> 0 | E48: =SUM(PERINTIS!C48) -> 0 | F48: =SUM('ANGKUTAN PENYEBRANGAN'!C48) -> 0 | G48: =SUM(B48:F48) -> 0 | H48: =SUM('ANGKUTAN LAUT LUAR NEGERI'!D48,'ANGKUTAN LAUT DALAM NEGERI'!D48,PELRA!D48,PERINTIS!D48,'ANGKUTAN PENYEBRANGAN'!D48) -> 0 | I48: =SUM(PERINTIS!E48,PELRA!E48,'ANGKUTAN LAUT DALAM NEGERI'!E48,'ANGKUTAN LAUT LUAR NEGERI'!E48) -> 0 | J48: =SUM(PERINTIS!F48,PELRA!F48,'ANGKUTAN LAUT DALAM NEGERI'!F48,'ANGKUTAN LAUT LUAR NEGERI'!F48) -> 0 | K48: =SUM(PELRA!I48) -> 0 | L48: =SUM(PERINTIS!L48,'ANGKUTAN PENYEBRANGAN'!F48) -> 0 | M48: =SUM('ANGKUTAN PENYEBRANGAN'!E48) -> 0 | N48: =SUM(PERINTIS!G48,PELRA!G48,'ANGKUTAN LAUT DALAM NEGERI'!G48,'ANGKUTAN LAUT LUAR NEGERI'!G48) -> 0 | O48: =SUM(PERINTIS!H48,PELRA!H48,'ANGKUTAN LAUT DALAM NEGERI'!H48,'ANGKUTAN LAUT LUAR NEGERI'!H48) -> 0 | P48: =SUM(PELRA!J48) -> 0 | Q48: =SUM(PERINTIS!M48,'ANGKUTAN PENYEBRANGAN'!H48) -> 0 | R48: =SUM('ANGKUTAN PENYEBRANGAN'!G48) -> 0 | S48: =SUM('ANGKUTAN LAUT LUAR NEGERI'!I48,'ANGKUTAN LAUT DALAM NEGERI'!I48,PELRA!K48,PERINTIS!I48,'ANGKUTAN PENYEBRANGAN'!I48) -> 0 | T48: =SUM('ANGKUTAN LAUT LUAR NEGERI'!J48,'ANGKUTAN LAUT DALAM NEGERI'!J48,PELRA!L48,PERINTIS!J48,'ANGKUTAN PENYEBRANGAN'!J48) -> 0 | U48: =SUM('ANGKUTAN LAUT LUAR NEGERI'!K48,'ANGKUTAN LAUT DALAM NEGERI'!K48,PELRA!M48,PERINTIS!K48,'ANGKUTAN PENYEBRANGAN'!K48) -> 0
A49: MEI | B49: =SUM('ANGKUTAN LAUT LUAR NEGERI'!C49) -> 0 | C49: =SUM('ANGKUTAN LAUT DALAM NEGERI'!C49) -> 0 | D49: =SUM(PELRA!C49) -> 0 | E49: =SUM(PERINTIS!C49) -> 0 | F49: =SUM('ANGKUTAN PENYEBRANGAN'!C49) -> 0 | G49: =SUM(B49:F49) -> 0 | H49: =SUM('ANGKUTAN LAUT LUAR NEGERI'!D49,'ANGKUTAN LAUT DALAM NEGERI'!D49,PELRA!D49,PERINTIS!D49,'ANGKUTAN PENYEBRANGAN'!D49) -> 0 | I49: =SUM(PERINTIS!E49,PELRA!E49,'ANGKUTAN LAUT DALAM NEGERI'!E49,'ANGKUTAN LAUT LUAR NEGERI'!E49) -> 0 | J49: =SUM(PERINTIS!F49,PELRA!F49,'ANGKUTAN LAUT DALAM NEGERI'!F49,'ANGKUTAN LAUT LUAR NEGERI'!F49) -> 0 | K49: =SUM(PELRA!I49) -> 0 | L49: =SUM(PERINTIS!L49,'ANGKUTAN PENYEBRANGAN'!F49) -> 0 | M49: =SUM('ANGKUTAN PENYEBRANGAN'!E49) -> 0 | N49: =SUM(PERINTIS!G49,PELRA!G49,'ANGKUTAN LAUT DALAM NEGERI'!G49,'ANGKUTAN LAUT LUAR NEGERI'!G49) -> 0 | O49: =SUM(PERINTIS!H49,PELRA!H49,'ANGKUTAN LAUT DALAM NEGERI'!H49,'ANGKUTAN LAUT LUAR NEGERI'!H49) -> 0 | P49: =SUM(PELRA!J49) -> 0 | Q49: =SUM(PERINTIS!M49,'ANGKUTAN PENYEBRANGAN'!H49) -> 0 | R49: =SUM('ANGKUTAN PENYEBRANGAN'!G49) -> 0 | S49: =SUM('ANGKUTAN LAUT LUAR NEGERI'!I49,'ANGKUTAN LAUT DALAM NEGERI'!I49,PELRA!K49,PERINTIS!I49,'ANGKUTAN PENYEBRANGAN'!I49) -> 0 | T49: =SUM('ANGKUTAN LAUT LUAR NEGERI'!J49,'ANGKUTAN LAUT DALAM NEGERI'!J49,PELRA!L49,PERINTIS!J49,'ANGKUTAN PENYEBRANGAN'!J49) -> 0 | U49: =SUM('ANGKUTAN LAUT LUAR NEGERI'!K49,'ANGKUTAN LAUT DALAM NEGERI'!K49,PELRA!M49,PERINTIS!K49,'ANGKUTAN PENYEBRANGAN'!K49) -> 0
A50: JUNI | B50: =SUM('ANGKUTAN LAUT LUAR NEGERI'!C50) -> 0 | C50: =SUM('ANGKUTAN LAUT DALAM NEGERI'!C50) -> 0 | D50: =SUM(PELRA!C50) -> 0 | E50: =SUM(PERINTIS!C50) -> 0 | F50: =SUM('ANGKUTAN PENYEBRANGAN'!C50) -> 0 | G50: =SUM(B50:F50) -> 0 | H50: =SUM('ANGKUTAN LAUT LUAR NEGERI'!D50,'ANGKUTAN LAUT DALAM NEGERI'!D50,PELRA!D50,PERINTIS!D50,'ANGKUTAN PENYEBRANGAN'!D50) -> 0 | I50: =SUM(PERINTIS!E50,PELRA!E50,'ANGKUTAN LAUT DALAM NEGERI'!E50,'ANGKUTAN LAUT LUAR NEGERI'!E50) -> 0 | J50: =SUM(PERINTIS!F50,PELRA!F50,'ANGKUTAN LAUT DALAM NEGERI'!F50,'ANGKUTAN LAUT LUAR NEGERI'!F50) -> 0 | K50: =SUM(PELRA!I50) -> 0 | L50: =SUM(PERINTIS!L50,'ANGKUTAN PENYEBRANGAN'!F50) -> 0 | M50: =SUM('ANGKUTAN PENYEBRANGAN'!E50) -> 0 | N50: =SUM(PERINTIS!G50,PELRA!G50,'ANGKUTAN LAUT DALAM NEGERI'!G50,'ANGKUTAN LAUT LUAR NEGERI'!G50) -> 0 | O50: =SUM(PERINTIS!H50,PELRA!H50,'ANGKUTAN LAUT DALAM NEGERI'!H50,'ANGKUTAN LAUT LUAR NEGERI'!H50) -> 0 | P50: =SUM(PELRA!J50) -> 0 | Q50: =SUM(PERINTIS!M50,'ANGKUTAN PENYEBRANGAN'!H50) -> 0 | R50: =SUM('ANGKUTAN PENYEBRANGAN'!G50) -> 0 | S50: =SUM('ANGKUTAN LAUT LUAR NEGERI'!I50,'ANGKUTAN LAUT DALAM NEGERI'!I50,PELRA!K50,PERINTIS!I50,'ANGKUTAN PENYEBRANGAN'!I50) -> 0 | T50: =SUM('ANGKUTAN LAUT LUAR NEGERI'!J50,'ANGKUTAN LAUT DALAM NEGERI'!J50,PELRA!L50,PERINTIS!J50,'ANGKUTAN PENYEBRANGAN'!J50) -> 0 | U50: =SUM('ANGKUTAN LAUT LUAR NEGERI'!K50,'ANGKUTAN LAUT DALAM NEGERI'!K50,PELRA!M50,PERINTIS!K50,'ANGKUTAN PENYEBRANGAN'!K50) -> 0
A51: JULI | B51: =SUM('ANGKUTAN LAUT LUAR NEGERI'!C51) -> 0 | C51: =SUM('ANGKUTAN LAUT DALAM NEGERI'!C51) -> 0 | D51: =SUM(PELRA!C51) -> 0 | E51: =SUM(PERINTIS!C51) -> 0 | F51: =SUM('ANGKUTAN PENYEBRANGAN'!C51) -> 0 | G51: =SUM(B51:F51) -> 0 | H51: =SUM('ANGKUTAN LAUT LUAR NEGERI'!D51,'ANGKUTAN LAUT DALAM NEGERI'!D51,PELRA!D51,PERINTIS!D51,'ANGKUTAN PENYEBRANGAN'!D51) -> 0 | I51: =SUM(PERINTIS!E51,PELRA!E51,'ANGKUTAN LAUT DALAM NEGERI'!E51,'ANGKUTAN LAUT LUAR NEGERI'!E51) -> 0 | J51: =SUM(PERINTIS!F51,PELRA!F51,'ANGKUTAN LAUT DALAM NEGERI'!F51,'ANGKUTAN LAUT LUAR NEGERI'!F51) -> 0 | K51: =SUM(PELRA!I51) -> 0 | L51: =SUM(PERINTIS!L51,'ANGKUTAN PENYEBRANGAN'!F51) -> 0 | M51: =SUM('ANGKUTAN PENYEBRANGAN'!E51) -> 0 | N51: =SUM(PERINTIS!G51,PELRA!G51,'ANGKUTAN LAUT DALAM NEGERI'!G51,'ANGKUTAN LAUT LUAR NEGERI'!G51) -> 0 | O51: =SUM(PERINTIS!H51,PELRA!H51,'ANGKUTAN LAUT DALAM NEGERI'!H51,'ANGKUTAN LAUT LUAR NEGERI'!H51) -> 0 | P51: =SUM(PELRA!J51) -> 0 | Q51: =SUM(PERINTIS!M51,'ANGKUTAN PENYEBRANGAN'!H51) -> 0 | R51: =SUM('ANGKUTAN PENYEBRANGAN'!G51) -> 0 | S51: =SUM('ANGKUTAN LAUT LUAR NEGERI'!I51,'ANGKUTAN LAUT DALAM NEGERI'!I51,PELRA!K51,PERINTIS!I51,'ANGKUTAN PENYEBRANGAN'!I51) -> 0 | T51: =SUM('ANGKUTAN LAUT LUAR NEGERI'!J51,'ANGKUTAN LAUT DALAM NEGERI'!J51,PELRA!L51,PERINTIS!J51,'ANGKUTAN PENYEBRANGAN'!J51) -> 0 | U51: =SUM('ANGKUTAN LAUT LUAR NEGERI'!K51,'ANGKUTAN LAUT DALAM NEGERI'!K51,PELRA!M51,PERINTIS!K51,'ANGKUTAN PENYEBRANGAN'!K51) -> 0
A52: AGUSTUS | B52: =SUM('ANGKUTAN LAUT LUAR NEGERI'!C52) -> 0 | C52: =SUM('ANGKUTAN LAUT DALAM NEGERI'!C52) -> 0 | D52: =SUM(PELRA!C52) -> 0 | E52: =SUM(PERINTIS!C52) -> 0 | F52: =SUM('ANGKUTAN PENYEBRANGAN'!C52) -> 0 | G52: =SUM(B52:F52) -> 0 | H52: =SUM('ANGKUTAN LAUT LUAR NEGERI'!D52,'ANGKUTAN LAUT DALAM NEGERI'!D52,PELRA!D52,PERINTIS!D52,'ANGKUTAN PENYEBRANGAN'!D52) -> 0 | I52: =SUM(PERINTIS!E52,PELRA!E52,'ANGKUTAN LAUT DALAM NEGERI'!E52,'ANGKUTAN LAUT LUAR NEGERI'!E52) -> 0 | J52: =SUM(PERINTIS!F52,PELRA!F52,'ANGKUTAN LAUT DALAM NEGERI'!F52,'ANGKUTAN LAUT LUAR NEGERI'!F52) -> 0 | K52: =SUM(PELRA!I52) -> 0 | L52: =SUM(PERINTIS!L52,'ANGKUTAN PENYEBRANGAN'!F52) -> 0 | M52: =SUM('ANGKUTAN PENYEBRANGAN'!E52) -> 0 | N52: =SUM(PERINTIS!G52,PELRA!G52,'ANGKUTAN LAUT DALAM NEGERI'!G52,'ANGKUTAN LAUT LUAR NEGERI'!G52) -> 0 | O52: =SUM(PERINTIS!H52,PELRA!H52,'ANGKUTAN LAUT DALAM NEGERI'!H52,'ANGKUTAN LAUT LUAR NEGERI'!H52) -> 0 | P52: =SUM(PELRA!J52) -> 0 | Q52: =SUM(PERINTIS!M52,'ANGKUTAN PENYEBRANGAN'!H52) -> 0 | R52: =SUM('ANGKUTAN PENYEBRANGAN'!G52) -> 0 | S52: =SUM('ANGKUTAN LAUT LUAR NEGERI'!I52,'ANGKUTAN LAUT DALAM NEGERI'!I52,PELRA!K52,PERINTIS!I52,'ANGKUTAN PENYEBRANGAN'!I52) -> 0 | T52: =SUM('ANGKUTAN LAUT LUAR NEGERI'!J52,'ANGKUTAN LAUT DALAM NEGERI'!J52,PELRA!L52,PERINTIS!J52,'ANGKUTAN PENYEBRANGAN'!J52) -> 0 | U52: =SUM('ANGKUTAN LAUT LUAR NEGERI'!K52,'ANGKUTAN LAUT DALAM NEGERI'!K52,PELRA!M52,PERINTIS!K52,'ANGKUTAN PENYEBRANGAN'!K52) -> 0
A53: SEPTEMBER | B53: =SUM('ANGKUTAN LAUT LUAR NEGERI'!C53) -> 0 | C53: =SUM('ANGKUTAN LAUT DALAM NEGERI'!C53) -> 0 | D53: =SUM(PELRA!C53) -> 0 | E53: =SUM(PERINTIS!C53) -> 0 | F53: =SUM('ANGKUTAN PENYEBRANGAN'!C53) -> 0 | G53: =SUM(B53:F53) -> 0 | H53: =SUM('ANGKUTAN LAUT LUAR NEGERI'!D53,'ANGKUTAN LAUT DALAM NEGERI'!D53,PELRA!D53,PERINTIS!D53,'ANGKUTAN PENYEBRANGAN'!D53) -> 0 | I53: =SUM(PERINTIS!E53,PELRA!E53,'ANGKUTAN LAUT DALAM NEGERI'!E53,'ANGKUTAN LAUT LUAR NEGERI'!E53) -> 0 | J53: =SUM(PERINTIS!F53,PELRA!F53,'ANGKUTAN LAUT DALAM NEGERI'!F53,'ANGKUTAN LAUT LUAR NEGERI'!F53) -> 0 | K53: =SUM(PELRA!I53) -> 0 | L53: =SUM(PERINTIS!L53,'ANGKUTAN PENYEBRANGAN'!F53) -> 0 | M53: =SUM('ANGKUTAN PENYEBRANGAN'!E53) -> 0 | N53: =SUM(PERINTIS!G53,PELRA!G53,'ANGKUTAN LAUT DALAM NEGERI'!G53,'ANGKUTAN LAUT LUAR NEGERI'!G53) -> 0 | O53: =SUM(PERINTIS!H53,PELRA!H53,'ANGKUTAN LAUT DALAM NEGERI'!H53,'ANGKUTAN LAUT LUAR NEGERI'!H53) -> 0 | P53: =SUM(PELRA!J53) -> 0 | Q53: =SUM(PERINTIS!M53,'ANGKUTAN PENYEBRANGAN'!H53) -> 0 | R53: =SUM('ANGKUTAN PENYEBRANGAN'!G53) -> 0 | S53: =SUM('ANGKUTAN LAUT LUAR NEGERI'!I53,'ANGKUTAN LAUT DALAM NEGERI'!I53,PELRA!K53,PERINTIS!I53,'ANGKUTAN PENYEBRANGAN'!I53) -> 0 | T53: =SUM('ANGKUTAN LAUT LUAR NEGERI'!J53,'ANGKUTAN LAUT DALAM NEGERI'!J53,PELRA!L53,PERINTIS!J53,'ANGKUTAN PENYEBRANGAN'!J53) -> 0 | U53: =SUM('ANGKUTAN LAUT LUAR NEGERI'!K53,'ANGKUTAN LAUT DALAM NEGERI'!K53,PELRA!M53,PERINTIS!K53,'ANGKUTAN PENYEBRANGAN'!K53) -> 0
A54: OKTOBER | B54: =SUM('ANGKUTAN LAUT LUAR NEGERI'!C54) -> 0 | C54: =SUM('ANGKUTAN LAUT DALAM NEGERI'!C54) -> 0 | D54: =SUM(PELRA!C54) -> 0 | E54: =SUM(PERINTIS!C54) -> 0 | F54: =SUM('ANGKUTAN PENYEBRANGAN'!C54) -> 0 | G54: =SUM(B54:F54) -> 0 | H54: =SUM('ANGKUTAN LAUT LUAR NEGERI'!D54,'ANGKUTAN LAUT DALAM NEGERI'!D54,PELRA!D54,PERINTIS!D54,'ANGKUTAN PENYEBRANGAN'!D54) -> 0 | I54: =SUM(PERINTIS!E54,PELRA!E54,'ANGKUTAN LAUT DALAM NEGERI'!E54,'ANGKUTAN LAUT LUAR NEGERI'!E54) -> 0 | J54: =SUM(PERINTIS!F54,PELRA!F54,'ANGKUTAN LAUT DALAM NEGERI'!F54,'ANGKUTAN LAUT LUAR NEGERI'!F54) -> 0 | K54: =SUM(PELRA!I54) -> 0 | L54: =SUM(PERINTIS!L54,'ANGKUTAN PENYEBRANGAN'!F54) -> 0 | M54: =SUM('ANGKUTAN PENYEBRANGAN'!E54) -> 0 | N54: =SUM(PERINTIS!G54,PELRA!G54,'ANGKUTAN LAUT DALAM NEGERI'!G54,'ANGKUTAN LAUT LUAR NEGERI'!G54) -> 0 | O54: =SUM(PERINTIS!H54,PELRA!H54,'ANGKUTAN LAUT DALAM NEGERI'!H54,'ANGKUTAN LAUT LUAR NEGERI'!H54) -> 0 | P54: =SUM(PELRA!J54) -> 0 | Q54: =SUM(PERINTIS!M54,'ANGKUTAN PENYEBRANGAN'!H54) -> 0 | R54: =SUM('ANGKUTAN PENYEBRANGAN'!G54) -> 0 | S54: =SUM('ANGKUTAN LAUT LUAR NEGERI'!I54,'ANGKUTAN LAUT DALAM NEGERI'!I54,PELRA!K54,PERINTIS!I54,'ANGKUTAN PENYEBRANGAN'!I54) -> 0 | T54: =SUM('ANGKUTAN LAUT LUAR NEGERI'!J54,'ANGKUTAN LAUT DALAM NEGERI'!J54,PELRA!L54,PERINTIS!J54,'ANGKUTAN PENYEBRANGAN'!J54) -> 0 | U54: =SUM('ANGKUTAN LAUT LUAR NEGERI'!K54,'ANGKUTAN LAUT DALAM NEGERI'!K54,PELRA!M54,PERINTIS!K54,'ANGKUTAN PENYEBRANGAN'!K54) -> 0
A55: NOVEMBER | B55: =SUM('ANGKUTAN LAUT LUAR NEGERI'!C55) -> 0 | C55: =SUM('ANGKUTAN LAUT DALAM NEGERI'!C55) -> 0 | D55: =SUM(PELRA!C55) -> 0 | E55: =SUM(PERINTIS!C55) -> 0 | F55: =SUM('ANGKUTAN PENYEBRANGAN'!C55) -> 0 | G55: =SUM(B55:F55) -> 0 | H55: =SUM('ANGKUTAN LAUT LUAR NEGERI'!D55,'ANGKUTAN LAUT DALAM NEGERI'!D55,PELRA!D55,PERINTIS!D55,'ANGKUTAN PENYEBRANGAN'!D55) -> 0 | I55: =SUM(PERINTIS!E55,PELRA!E55,'ANGKUTAN LAUT DALAM NEGERI'!E55,'ANGKUTAN LAUT LUAR NEGERI'!E55) -> 0 | J55: =SUM(PERINTIS!F55,PELRA!F55,'ANGKUTAN LAUT DALAM NEGERI'!F55,'ANGKUTAN LAUT LUAR NEGERI'!F55) -> 0 | K55: =SUM(PELRA!I55) -> 0 | L55: =SUM(PERINTIS!L55,'ANGKUTAN PENYEBRANGAN'!F55) -> 0 | M55: =SUM('ANGKUTAN PENYEBRANGAN'!E55) -> 0 | N55: =SUM(PERINTIS!G55,PELRA!G55,'ANGKUTAN LAUT DALAM NEGERI'!G55,'ANGKUTAN LAUT LUAR NEGERI'!G55) -> 0 | O55: =SUM(PERINTIS!H55,PELRA!H55,'ANGKUTAN LAUT DALAM NEGERI'!H55,'ANGKUTAN LAUT LUAR NEGERI'!H55) -> 0 | P55: =SUM(PELRA!J55) -> 0 | Q55: =SUM(PERINTIS!M55,'ANGKUTAN PENYEBRANGAN'!H55) -> 0 | R55: =SUM('ANGKUTAN PENYEBRANGAN'!G55) -> 0 | S55: =SUM('ANGKUTAN LAUT LUAR NEGERI'!I55,'ANGKUTAN LAUT DALAM NEGERI'!I55,PELRA!K55,PERINTIS!I55,'ANGKUTAN PENYEBRANGAN'!I55) -> 0 | T55: =SUM('ANGKUTAN LAUT LUAR NEGERI'!J55,'ANGKUTAN LAUT DALAM NEGERI'!J55,PELRA!L55,PERINTIS!J55,'ANGKUTAN PENYEBRANGAN'!J55) -> 0 | U55: =SUM('ANGKUTAN LAUT LUAR NEGERI'!K55,'ANGKUTAN LAUT DALAM NEGERI'!K55,PELRA!M55,PERINTIS!K55,'ANGKUTAN PENYEBRANGAN'!K55) -> 0
A56: DESEMBER | B56: =SUM('ANGKUTAN LAUT LUAR NEGERI'!C56) -> 0 | C56: =SUM('ANGKUTAN LAUT DALAM NEGERI'!C56) -> 0 | D56: =SUM(PELRA!C56) -> 0 | E56: =SUM(PERINTIS!C56) -> 0 | F56: =SUM('ANGKUTAN PENYEBRANGAN'!C56) -> 0 | G56: =SUM(B56:F56) -> 0 | H56: =SUM('ANGKUTAN LAUT LUAR NEGERI'!D56,'ANGKUTAN LAUT DALAM NEGERI'!D56,PELRA!D56,PERINTIS!D56,'ANGKUTAN PENYEBRANGAN'!D56) -> 0 | I56: =SUM(PERINTIS!E56,PELRA!E56,'ANGKUTAN LAUT DALAM NEGERI'!E56,'ANGKUTAN LAUT LUAR NEGERI'!E56) -> 0 | J56: =SUM(PERINTIS!F56,PELRA!F56,'ANGKUTAN LAUT DALAM NEGERI'!F56,'ANGKUTAN LAUT LUAR NEGERI'!F56) -> 0 | K56: =SUM(PELRA!I56) -> 0 | L56: =SUM(PERINTIS!L56,'ANGKUTAN PENYEBRANGAN'!F56) -> 0 | M56: =SUM('ANGKUTAN PENYEBRANGAN'!E56) -> 0 | N56: =SUM(PERINTIS!G56,PELRA!G56,'ANGKUTAN LAUT DALAM NEGERI'!G56,'ANGKUTAN LAUT LUAR NEGERI'!G56) -> 0 | O56: =SUM(PERINTIS!H56,PELRA!H56,'ANGKUTAN LAUT DALAM NEGERI'!H56,'ANGKUTAN LAUT LUAR NEGERI'!H56) -> 0 | P56: =SUM(PELRA!J56) -> 0 | Q56: =SUM(PERINTIS!M56,'ANGKUTAN PENYEBRANGAN'!H56) -> 0 | R56: =SUM('ANGKUTAN PENYEBRANGAN'!G56) -> 0 | S56: =SUM('ANGKUTAN LAUT LUAR NEGERI'!I56,'ANGKUTAN LAUT DALAM NEGERI'!I56,PELRA!K56,PERINTIS!I56,'ANGKUTAN PENYEBRANGAN'!I56) -> 0 | T56: =SUM('ANGKUTAN LAUT LUAR NEGERI'!J56,'ANGKUTAN LAUT DALAM NEGERI'!J56,PELRA!L56,PERINTIS!J56,'ANGKUTAN PENYEBRANGAN'!J56) -> 0 | U56: =SUM('ANGKUTAN LAUT LUAR NEGERI'!K56,'ANGKUTAN LAUT DALAM NEGERI'!K56,PELRA!M56,PERINTIS!K56,'ANGKUTAN PENYEBRANGAN'!K56) -> 0
A57: TOTAL | B57: =SUM(B45:B56) -> 0 | C57: =SUM(C45:C56) -> 0 | D57: =SUM(D45:D56) -> 6 | E57: =SUM(E45:E56) -> 10 | F57: =SUM(F45:F56) -> 20 | G57: =SUM(G45:G56) -> 36 | H57: =SUM(H45:H56) -> 38137 | I57: =SUM(I45:I56) -> 97 | ... U57: =SUM(U45:U56) -> 2683
A59: PELABUHAN BONERATE
A60: BULAN | B60: JENIS PELAYARAN / JUMLAH KUNJUNGAN KAPAL | G60: JUMLAH | I60: BONGKAR | N60: MUAT | S60: PENUMPANG
B61: LUAR NEGERI | C61: DALAM NEGERI | D61: PELRA | E61: PERINTIS | F61: FERRY | G61: KAPAL | H61: GT. | I61: BARANG TON / M3 | K61: HEWAN EKOR | L61: KENDARAAN / UNIT | N61: BARANG TON / M3 | P61: HEWAN EKOR | Q61: KENDARAAN / UNIT | S61: TURUN | T61: NAIK | U61: LANJUTAN
I62: CARGO | J62: CURAH | L62: MOTOR | M62: MOBIL | N62: CARGO | O62: CURAH | Q62: MOTOR | R62: MOBIL | S62: ( Orang) | T62: ( Orang ) | U62: ( Orang )
A63: JANUARI | B63: =SUM('ANGKUTAN LAUT LUAR NEGERI'!C63) -> 0 | C63: =SUM('ANGKUTAN LAUT DALAM NEGERI'!C63) -> 0 | D63: =SUM(PELRA!C63) -> 6 | E63: =SUM(PERINTIS!C63) -> 10 | F63: =SUM('ANGKUTAN PENYEBRANGAN'!C63) -> 8 | G63: =SUM(B63:F63) -> 24 | H63: =SUM('ANGKUTAN LAUT LUAR NEGERI'!D63,'ANGKUTAN LAUT DALAM NEGERI'!D63,PELRA!D63,PERINTIS!D63,'ANGKUTAN PENYEBRANGAN'!D63) -> 21618 | I63: =SUM(PERINTIS!E63,PELRA!E63,'ANGKUTAN LAUT DALAM NEGERI'!E63,'ANGKUTAN LAUT LUAR NEGERI'!E63) -> 171 | J63: =SUM(PERINTIS!F63,PELRA!F63,'ANGKUTAN LAUT DALAM NEGERI'!F63,'ANGKUTAN LAUT LUAR NEGERI'!F63) -> 0 | K63: =SUM(PELRA!I63) -> 0 | L63: =SUM(PERINTIS!L63,'ANGKUTAN PENYEBRANGAN'!F63) -> 14 | M63: =SUM('ANGKUTAN PENYEBRANGAN'!E63) -> 4 | N63: =SUM(PERINTIS!G63,PELRA!G63,'ANGKUTAN LAUT DALAM NEGERI'!G63,'ANGKUTAN LAUT LUAR NEGERI'!G63) -> 6 | O63: =SUM(PERINTIS!H63,PELRA!H63,'ANGKUTAN LAUT DALAM NEGERI'!H63,'ANGKUTAN LAUT LUAR NEGERI'!H63) -> 0 | P63: =SUM(PELRA!J63) -> 50 | Q63: =SUM(PERINTIS!M63,'ANGKUTAN PENYEBRANGAN'!H63) -> 9 | R63: =SUM('ANGKUTAN PENYEBRANGAN'!G63) -> 1 | S63: =SUM('ANGKUTAN LAUT LUAR NEGERI'!I63,'ANGKUTAN LAUT DALAM NEGERI'!I63,PELRA!K63,PERINTIS!I63,'ANGKUTAN PENYEBRANGAN'!I63) -> 785 | T63: =SUM('ANGKUTAN LAUT LUAR NEGERI'!J63,'ANGKUTAN LAUT DALAM NEGERI'!J63,PELRA!L63,PERINTIS!J63,'ANGKUTAN PENYEBRANGAN'!J63) -> 364 | U63: =SUM('ANGKUTAN LAUT LUAR NEGERI'!K63,'ANGKUTAN LAUT DALAM NEGERI'!K63,PELRA!M63,PERINTIS!K63,'ANGKUTAN PENYEBRANGAN'!K63) -> 784
A64: FEBRUARI | B64: =SUM('ANGKUTAN LAUT LUAR NEGERI'!C64) -> 0 | C64: =SUM('ANGKUTAN LAUT DALAM NEGERI'!C64) -> 0 | D64: =SUM(PELRA!C64) -> 6 | E64: =SUM(PERINTIS!C64) -> 15 | F64: =SUM('ANGKUTAN PENYEBRANGAN'!C64) -> 12 | G64: =SUM(B64:F64) -> 33 | H64: =SUM('ANGKUTAN LAUT LUAR NEGERI'!D64,'ANGKUTAN LAUT DALAM NEGERI'!D64,PELRA!D64,PERINTIS!D64,'ANGKUTAN PENYEBRANGAN'!D64) -> 28585 | I64: =SUM(PERINTIS!E64,PELRA!E64,'ANGKUTAN LAUT DALAM NEGERI'!E64,'ANGKUTAN LAUT LUAR NEGERI'!E64) -> 144 | J64: =SUM(PERINTIS!F64,PELRA!F64,'ANGKUTAN LAUT DALAM NEGERI'!F64,'ANGKUTAN LAUT LUAR NEGERI'!F64) -> 0 | K64: =SUM(PELRA!I64) -> 0 | L64: =SUM(PERINTIS!L64,'ANGKUTAN PENYEBRANGAN'!F64) -> 14 | M64: =SUM('ANGKUTAN PENYEBRANGAN'!E64) -> 2 | N64: =SUM(PERINTIS!G64,PELRA!G64,'ANGKUTAN LAUT DALAM NEGERI'!G64,'ANGKUTAN LAUT LUAR NEGERI'!G64) -> 6 | O64: =SUM(PERINTIS!H64,PELRA!H64,'ANGKUTAN LAUT DALAM NEGERI'!H64,'ANGKUTAN LAUT LUAR NEGERI'!H64) -> 0 | P64: =SUM(PELRA!J64) -> 30 | Q64: =SUM(PERINTIS!M64,'ANGKUTAN PENYEBRANGAN'!H64) -> 3 | R64: =SUM('ANGKUTAN PENYEBRANGAN'!G64) -> 2 | S64: =SUM('ANGKUTAN LAUT LUAR NEGERI'!I64,'ANGKUTAN LAUT DALAM NEGERI'!I64,PELRA!K64,PERINTIS!I64,'ANGKUTAN PENYEBRANGAN'!I64) -> 527 | T64: =SUM('ANGKUTAN LAUT LUAR NEGERI'!J64,'ANGKUTAN LAUT DALAM NEGERI'!J64,PELRA!L64,PERINTIS!J64,'ANGKUTAN PENYEBRANGAN'!J64) -> 364 | U64: =SUM('ANGKUTAN LAUT LUAR NEGERI'!K64,'ANGKUTAN LAUT DALAM NEGERI'!K64,PELRA!M64,PERINTIS!K64,'ANGKUTAN PENYEBRANGAN'!K64) -> 633
A65: MARET | B65: =SUM('ANGKUTAN LAUT LUAR NEGERI'!C65) -> 0 | C65: =SUM('ANGKUTAN LAUT DALAM NEGERI'!C65) -> 0 | D65: =SUM(PELRA!C65) -> 0 | E65: =SUM(PERINTIS!C65) -> 0 | F65: =SUM('ANGKUTAN PENYEBRANGAN'!C65) -> 0 | G65: =SUM(B65:F65) -> 0 | H65: =SUM('ANGKUTAN LAUT LUAR NEGERI'!D65,'ANGKUTAN LAUT DALAM NEGERI'!D65,PELRA!D65,PERINTIS!D65,'ANGKUTAN PENYEBRANGAN'!D65) -> 0 | I65: =SUM(PERINTIS!E65,PELRA!E65,'ANGKUTAN LAUT DALAM NEGERI'!E65,'ANGKUTAN LAUT LUAR NEGERI'!E65) -> 0 | J65: =SUM(PERINTIS!F65,PELRA!F65,'ANGKUTAN LAUT DALAM NEGERI'!F65,'ANGKUTAN LAUT LUAR NEGERI'!F65) -> 0 | K65: =SUM(PELRA!I65) -> 0 | L65: =SUM(PERINTIS!L65,'ANGKUTAN PENYEBRANGAN'!F65) -> 0 | M65: =SUM('ANGKUTAN PENYEBRANGAN'!E65) -> 0 | N65: =SUM(PERINTIS!G65,PELRA!G65,'ANGKUTAN LAUT DALAM NEGERI'!G65,'ANGKUTAN LAUT LUAR NEGERI'!G65) -> 0 | O65: =SUM(PERINTIS!H65,PELRA!H65,'ANGKUTAN LAUT DALAM NEGERI'!H65,'ANGKUTAN LAUT LUAR NEGERI'!H65) -> 0 | P65: =SUM(PELRA!J65) -> 0 | Q65: =SUM(PERINTIS!M65,'ANGKUTAN PENYEBRANGAN'!H65) -> 0 | R65: =SUM('ANGKUTAN PENYEBRANGAN'!G65) -> 0 | S65: =SUM('ANGKUTAN LAUT LUAR NEGERI'!I65,'ANGKUTAN LAUT DALAM NEGERI'!I65,PELRA!K65,PERINTIS!I65,'ANGKUTAN PENYEBRANGAN'!I65) -> 0 | T65: =SUM('ANGKUTAN LAUT LUAR NEGERI'!J65,'ANGKUTAN LAUT DALAM NEGERI'!J65,PELRA!L65,PERINTIS!J65,'ANGKUTAN PENYEBRANGAN'!J65) -> 0 | U65: =SUM('ANGKUTAN LAUT LUAR NEGERI'!K65,'ANGKUTAN LAUT DALAM NEGERI'!K65,PELRA!M65,PERINTIS!K65,'ANGKUTAN PENYEBRANGAN'!K65) -> 0
A66: APRIL | B66: =SUM('ANGKUTAN LAUT LUAR NEGERI'!C66) -> 0 | C66: =SUM('ANGKUTAN LAUT DALAM NEGERI'!C66) -> 0 | D66: =SUM(PELRA!C66) -> 0 | E66: =SUM(PERINTIS!C66) -> 0 | F66: =SUM('ANGKUTAN PENYEBRANGAN'!C66) -> 0 | G66: =SUM(B66:F66) -> 0 | H66: =SUM('ANGKUTAN LAUT LUAR NEGERI'!D66,'ANGKUTAN LAUT DALAM NEGERI'!D66,PELRA!D66,PERINTIS!D66,'ANGKUTAN PENYEBRANGAN'!D66) -> 0 | I66: =SUM(PERINTIS!E66,PELRA!E66,'ANGKUTAN LAUT DALAM NEGERI'!E66,'ANGKUTAN LAUT LUAR NEGERI'!E66) -> 0 | J66: =SUM(PERINTIS!F66,PELRA!F66,'ANGKUTAN LAUT DALAM NEGERI'!F66,'ANGKUTAN LAUT LUAR NEGERI'!F66) -> 0 | K66: =SUM(PELRA!I66) -> 0 | L66: =SUM(PERINTIS!L66,'ANGKUTAN PENYEBRANGAN'!F66) -> 0 | M66: =SUM('ANGKUTAN PENYEBRANGAN'!E66) -> 0 | N66: =SUM(PERINTIS!G66,PELRA!G66,'ANGKUTAN LAUT DALAM NEGERI'!G66,'ANGKUTAN LAUT LUAR NEGERI'!G66) -> 0 | O66: =SUM(PERINTIS!H66,PELRA!H66,'ANGKUTAN LAUT DALAM NEGERI'!H66,'ANGKUTAN LAUT LUAR NEGERI'!H66) -> 0 | P66: =SUM(PELRA!J66) -> 0 | Q66: =SUM(PERINTIS!M66,'ANGKUTAN PENYEBRANGAN'!H66) -> 0 | R66: =SUM('ANGKUTAN PENYEBRANGAN'!G66) -> 0 | S66: =SUM('ANGKUTAN LAUT LUAR NEGERI'!I66,'ANGKUTAN LAUT DALAM NEGERI'!I66,PELRA!K66,PERINTIS!I66,'ANGKUTAN PENYEBRANGAN'!I66) -> 0 | T66: =SUM('ANGKUTAN LAUT LUAR NEGERI'!J66,'ANGKUTAN LAUT DALAM NEGERI'!J66,PELRA!L66,PERINTIS!J66,'ANGKUTAN PENYEBRANGAN'!J66) -> 0 | U66: =SUM('ANGKUTAN LAUT LUAR NEGERI'!K66,'ANGKUTAN LAUT DALAM NEGERI'!K66,PELRA!M66,PERINTIS!K66,'ANGKUTAN PENYEBRANGAN'!K66) -> 0
A67: MEI | B67: =SUM('ANGKUTAN LAUT LUAR NEGERI'!C67) -> 0 | C67: =SUM('ANGKUTAN LAUT DALAM NEGERI'!C67) -> 0 | D67: =SUM(PELRA!C67) -> 0 | E67: =SUM(PERINTIS!C67) -> 0 | F67: =SUM('ANGKUTAN PENYEBRANGAN'!C67) -> 0 | G67: =SUM(B67:F67) -> 0 | H67: =SUM('ANGKUTAN LAUT LUAR NEGERI'!D67,'ANGKUTAN LAUT DALAM NEGERI'!D67,PELRA!D67,PERINTIS!D67,'ANGKUTAN PENYEBRANGAN'!D67) -> 0 | I67: =SUM(PERINTIS!E67,PELRA!E67,'ANGKUTAN LAUT DALAM NEGERI'!E67,'ANGKUTAN LAUT LUAR NEGERI'!E67) -> 0 | J67: =SUM(PERINTIS!F67,PELRA!F67,'ANGKUTAN LAUT DALAM NEGERI'!F67,'ANGKUTAN LAUT LUAR NEGERI'!F67) -> 0 | K67: =SUM(PELRA!I67) -> 0 | L67: =SUM(PERINTIS!L67,'ANGKUTAN PENYEBRANGAN'!F67) -> 0 | M67: =SUM('ANGKUTAN PENYEBRANGAN'!E67) -> 0 | N67: =SUM(PERINTIS!G67,PELRA!G67,'ANGKUTAN LAUT DALAM NEGERI'!G67,'ANGKUTAN LAUT LUAR NEGERI'!G67) -> 0 | O67: =SUM(PERINTIS!H67,PELRA!H67,'ANGKUTAN LAUT DALAM NEGERI'!H67,'ANGKUTAN LAUT LUAR NEGERI'!H67) -> 0 | P67: =SUM(PELRA!J67) -> 0 | Q67: =SUM(PERINTIS!M67,'ANGKUTAN PENYEBRANGAN'!H67) -> 0 | R67: =SUM('ANGKUTAN PENYEBRANGAN'!G67) -> 0 | S67: =SUM('ANGKUTAN LAUT LUAR NEGERI'!I67,'ANGKUTAN LAUT DALAM NEGERI'!I67,PELRA!K67,PERINTIS!I67,'ANGKUTAN PENYEBRANGAN'!I67) -> 0 | T67: =SUM('ANGKUTAN LAUT LUAR NEGERI'!J67,'ANGKUTAN LAUT DALAM NEGERI'!J67,PELRA!L67,PERINTIS!J67,'ANGKUTAN PENYEBRANGAN'!J67) -> 0 | U67: =SUM('ANGKUTAN LAUT LUAR NEGERI'!K67,'ANGKUTAN LAUT DALAM NEGERI'!K67,PELRA!M67,PERINTIS!K67,'ANGKUTAN PENYEBRANGAN'!K67) -> 0
A68: JUNI | B68: =SUM('ANGKUTAN LAUT LUAR NEGERI'!C68) -> 0 | C68: =SUM('ANGKUTAN LAUT DALAM NEGERI'!C68) -> 0 | D68: =SUM(PELRA!C68) -> 0 | E68: =SUM(PERINTIS!C68) -> 0 | F68: =SUM('ANGKUTAN PENYEBRANGAN'!C68) -> 0 | G68: =SUM(B68:F68) -> 0 | H68: =SUM('ANGKUTAN LAUT LUAR NEGERI'!D68,'ANGKUTAN LAUT DALAM NEGERI'!D68,PELRA!D68,PERINTIS!D68,'ANGKUTAN PENYEBRANGAN'!D68) -> 0 | I68: =SUM(PERINTIS!E68,PELRA!E68,'ANGKUTAN LAUT DALAM NEGERI'!E68,'ANGKUTAN LAUT LUAR NEGERI'!E68) -> 0 | J68: =SUM(PERINTIS!F68,PELRA!F68,'ANGKUTAN LAUT DALAM NEGERI'!F68,'ANGKUTAN LAUT LUAR NEGERI'!F68) -> 0 | K68: =SUM(PELRA!I68) -> 0 | L68: =SUM(PERINTIS!L68,'ANGKUTAN PENYEBRANGAN'!F68) -> 0 | M68: =SUM('ANGKUTAN PENYEBRANGAN'!E68) -> 0 | N68: =SUM(PERINTIS!G68,PELRA!G68,'ANGKUTAN LAUT DALAM NEGERI'!G68,'ANGKUTAN LAUT LUAR NEGERI'!G68) -> 0 | O68: =SUM(PERINTIS!H68,PELRA!H68,'ANGKUTAN LAUT DALAM NEGERI'!H68,'ANGKUTAN LAUT LUAR NEGERI'!H68) -> 0 | P68: =SUM(PELRA!J68) -> 0 | Q68: =SUM(PERINTIS!M68,'ANGKUTAN PENYEBRANGAN'!H68) -> 0 | R68: =SUM('ANGKUTAN PENYEBRANGAN'!G68) -> 0 | S68: =SUM('ANGKUTAN LAUT LUAR NEGERI'!I68,'ANGKUTAN LAUT DALAM NEGERI'!I68,PELRA!K68,PERINTIS!I68,'ANGKUTAN PENYEBRANGAN'!I68) -> 0 | T68: =SUM('ANGKUTAN LAUT LUAR NEGERI'!J68,'ANGKUTAN LAUT DALAM NEGERI'!J68,PELRA!L68,PERINTIS!J68,'ANGKUTAN PENYEBRANGAN'!J68) -> 0 | U68: =SUM('ANGKUTAN LAUT LUAR NEGERI'!K68,'ANGKUTAN LAUT DALAM NEGERI'!K68,PELRA!M68,PERINTIS!K68,'ANGKUTAN PENYEBRANGAN'!K68) -> 0
A69: JULI | B69: =SUM('ANGKUTAN LAUT LUAR NEGERI'!C69) -> 0 | C69: =SUM('ANGKUTAN LAUT DALAM NEGERI'!C69) -> 0 | D69: =SUM(PELRA!C69) -> 0 | E69: =SUM(PERINTIS!C69) -> 0 | F69: =SUM('ANGKUTAN PENYEBRANGAN'!C69) -> 0 | G69: =SUM(B69:F69) -> 0 | H69: =SUM('ANGKUTAN LAUT LUAR NEGERI'!D69,'ANGKUTAN LAUT DALAM NEGERI'!D69,PELRA!D69,PERINTIS!D69,'ANGKUTAN PENYEBRANGAN'!D69) -> 0 | I69: =SUM(PERINTIS!E69,PELRA!E69,'ANGKUTAN LAUT DALAM NEGERI'!E69,'ANGKUTAN LAUT LUAR NEGERI'!E69) -> 0 | J69: =SUM(PERINTIS!F69,PELRA!F69,'ANGKUTAN LAUT DALAM NEGERI'!F69,'ANGKUTAN LAUT LUAR NEGERI'!F69) -> 0 | K69: =SUM(PELRA!I69) -> 0 | L69: =SUM(PERINTIS!L69,'ANGKUTAN PENYEBRANGAN'!F69) -> 0 | M69: =SUM('ANGKUTAN PENYEBRANGAN'!E69) -> 0 | N69: =SUM(PERINTIS!G69,PELRA!G69,'ANGKUTAN LAUT DALAM NEGERI'!G69,'ANGKUTAN LAUT LUAR NEGERI'!G69) -> 0 | O69: =SUM(PERINTIS!H69,PELRA!H69,'ANGKUTAN LAUT DALAM NEGERI'!H69,'ANGKUTAN LAUT LUAR NEGERI'!H69) -> 0 | P69: =SUM(PELRA!J69) -> 0 | Q69: =SUM(PERINTIS!M69,'ANGKUTAN PENYEBRANGAN'!H69) -> 0 | R69: =SUM('ANGKUTAN PENYEBRANGAN'!G69) -> 0 | S69: =SUM('ANGKUTAN LAUT LUAR NEGERI'!I69,'ANGKUTAN LAUT DALAM NEGERI'!I69,PELRA!K69,PERINTIS!I69,'ANGKUTAN PENYEBRANGAN'!I69) -> 0 | T69: =SUM('ANGKUTAN LAUT LUAR NEGERI'!J69,'ANGKUTAN LAUT DALAM NEGERI'!J69,PELRA!L69,PERINTIS!J69,'ANGKUTAN PENYEBRANGAN'!J69) -> 0 | U69: =SUM('ANGKUTAN LAUT LUAR NEGERI'!K69,'ANGKUTAN LAUT DALAM NEGERI'!K69,PELRA!M69,PERINTIS!K69,'ANGKUTAN PENYEBRANGAN'!K69) -> 0
A70: AGUSTUS | B70: =SUM('ANGKUTAN LAUT LUAR NEGERI'!C70) -> 0 | C70: =SUM('ANGKUTAN LAUT DALAM NEGERI'!C70) -> 0 | D70: =SUM(PELRA!C70) -> 0 | E70: =SUM(PERINTIS!C70) -> 0 | F70: =SUM('ANGKUTAN PENYEBRANGAN'!C70) -> 0 | G70: =SUM(B70:F70) -> 0 | H70: =SUM('ANGKUTAN LAUT LUAR NEGERI'!D70,'ANGKUTAN LAUT DALAM NEGERI'!D70,PELRA!D70,PERINTIS!D70,'ANGKUTAN PENYEBRANGAN'!D70) -> 0 | I70: =SUM(PERINTIS!E70,PELRA!E70,'ANGKUTAN LAUT DALAM NEGERI'!E70,'ANGKUTAN LAUT LUAR NEGERI'!E70) -> 0 | J70: =SUM(PERINTIS!F70,PELRA!F70,'ANGKUTAN LAUT DALAM NEGERI'!F70,'ANGKUTAN LAUT LUAR NEGERI'!F70) -> 0 | K70: =SUM(PELRA!I70) -> 0 | L70: =SUM(PERINTIS!L70,'ANGKUTAN PENYEBRANGAN'!F70) -> 0 | M70: =SUM('ANGKUTAN PENYEBRANGAN'!E70) -> 0 | N70: =SUM(PERINTIS!G70,PELRA!G70,'ANGKUTAN LAUT DALAM NEGERI'!G70,'ANGKUTAN LAUT LUAR NEGERI'!G70) -> 0 | O70: =SUM(PERINTIS!H70,PELRA!H70,'ANGKUTAN LAUT DALAM NEGERI'!H70,'ANGKUTAN LAUT LUAR NEGERI'!H70) -> 0 | P70: =SUM(PELRA!J70) -> 0 | Q70: =SUM(PERINTIS!M70,'ANGKUTAN PENYEBRANGAN'!H70) -> 0 | R70: =SUM('ANGKUTAN PENYEBRANGAN'!G70) -> 0 | S70: =SUM('ANGKUTAN LAUT LUAR NEGERI'!I70,'ANGKUTAN LAUT DALAM NEGERI'!I70,PELRA!K70,PERINTIS!I70,'ANGKUTAN PENYEBRANGAN'!I70) -> 0 | T70: =SUM('ANGKUTAN LAUT LUAR NEGERI'!J70,'ANGKUTAN LAUT DALAM NEGERI'!J70,PELRA!L70,PERINTIS!J70,'ANGKUTAN PENYEBRANGAN'!J70) -> 0 | U70: =SUM('ANGKUTAN LAUT LUAR NEGERI'!K70,'ANGKUTAN LAUT DALAM NEGERI'!K70,PELRA!M70,PERINTIS!K70,'ANGKUTAN PENYEBRANGAN'!K70) -> 0
A71: SEPTEMBER | B71: =SUM('ANGKUTAN LAUT LUAR NEGERI'!C71) -> 0 | C71: =SUM('ANGKUTAN LAUT DALAM NEGERI'!C71) -> 0 | D71: =SUM(PELRA!C71) -> 0 | E71: =SUM(PERINTIS!C71) -> 0 | F71: =SUM('ANGKUTAN PENYEBRANGAN'!C71) -> 0 | G71: =SUM(B71:F71) -> 0 | H71: =SUM('ANGKUTAN LAUT LUAR NEGERI'!D71,'ANGKUTAN LAUT DALAM NEGERI'!D71,PELRA!D71,PERINTIS!D71,'ANGKUTAN PENYEBRANGAN'!D71) -> 0 | I71: =SUM(PERINTIS!E71,PELRA!E71,'ANGKUTAN LAUT DALAM NEGERI'!E71,'ANGKUTAN LAUT LUAR NEGERI'!E71) -> 0 | J71: =SUM(PERINTIS!F71,PELRA!F71,'ANGKUTAN LAUT DALAM NEGERI'!F71,'ANGKUTAN LAUT LUAR NEGERI'!F71) -> 0 | K71: =SUM(PELRA!I71) -> 0 | L71: =SUM(PERINTIS!L71,'ANGKUTAN PENYEBRANGAN'!F71) -> 0 | M71: =SUM('ANGKUTAN PENYEBRANGAN'!E71) -> 0 | N71: =SUM(PERINTIS!G71,PELRA!G71,'ANGKUTAN LAUT DALAM NEGERI'!G71,'ANGKUTAN LAUT LUAR NEGERI'!G71) -> 0 | O71: =SUM(PERINTIS!H71,PELRA!H71,'ANGKUTAN LAUT DALAM NEGERI'!H71,'ANGKUTAN LAUT LUAR NEGERI'!H71) -> 0 | P71: =SUM(PELRA!J71) -> 0 | Q71: =SUM(PERINTIS!M71,'ANGKUTAN PENYEBRANGAN'!H71) -> 0 | R71: =SUM('ANGKUTAN PENYEBRANGAN'!G71) -> 0 | S71: =SUM('ANGKUTAN LAUT LUAR NEGERI'!I71,'ANGKUTAN LAUT DALAM NEGERI'!I71,PELRA!K71,PERINTIS!I71,'ANGKUTAN PENYEBRANGAN'!I71) -> 0 | T71: =SUM('ANGKUTAN LAUT LUAR NEGERI'!J71,'ANGKUTAN LAUT DALAM NEGERI'!J71,PELRA!L71,PERINTIS!J71,'ANGKUTAN PENYEBRANGAN'!J71) -> 0 | U71: =SUM('ANGKUTAN LAUT LUAR NEGERI'!K71,'ANGKUTAN LAUT DALAM NEGERI'!K71,PELRA!M71,PERINTIS!K71,'ANGKUTAN PENYEBRANGAN'!K71) -> 0
A72: OKTOBER | B72: =SUM('ANGKUTAN LAUT LUAR NEGERI'!C72) -> 0 | C72: =SUM('ANGKUTAN LAUT DALAM NEGERI'!C72) -> 0 | D72: =SUM(PELRA!C72) -> 0 | E72: =SUM(PERINTIS!C72) -> 0 | F72: =SUM('ANGKUTAN PENYEBRANGAN'!C72) -> 0 | G72: =SUM(B72:F72) -> 0 | H72: =SUM('ANGKUTAN LAUT LUAR NEGERI'!D72,'ANGKUTAN LAUT DALAM NEGERI'!D72,PELRA!D72,PERINTIS!D72,'ANGKUTAN PENYEBRANGAN'!D72) -> 0 | I72: =SUM(PERINTIS!E72,PELRA!E72,'ANGKUTAN LAUT DALAM NEGERI'!E72,'ANGKUTAN LAUT LUAR NEGERI'!E72) -> 0 | J72: =SUM(PERINTIS!F72,PELRA!F72,'ANGKUTAN LAUT DALAM NEGERI'!F72,'ANGKUTAN LAUT LUAR NEGERI'!F72) -> 0 | K72: =SUM(PELRA!I72) -> 0 | L72: =SUM(PERINTIS!L72,'ANGKUTAN PENYEBRANGAN'!F72) -> 0 | M72: =SUM('ANGKUTAN PENYEBRANGAN'!E72) -> 0 | N72: =SUM(PERINTIS!G72,PELRA!G72,'ANGKUTAN LAUT DALAM NEGERI'!G72,'ANGKUTAN LAUT LUAR NEGERI'!G72) -> 0 | O72: =SUM(PERINTIS!H72,PELRA!H72,'ANGKUTAN LAUT DALAM NEGERI'!H72,'ANGKUTAN LAUT LUAR NEGERI'!H72) -> 0 | P72: =SUM(PELRA!J72) -> 0 | Q72: =SUM(PERINTIS!M72,'ANGKUTAN PENYEBRANGAN'!H72) -> 0 | R72: =SUM('ANGKUTAN PENYEBRANGAN'!G72) -> 0 | S72: =SUM('ANGKUTAN LAUT LUAR NEGERI'!I72,'ANGKUTAN LAUT DALAM NEGERI'!I72,PELRA!K72,PERINTIS!I72,'ANGKUTAN PENYEBRANGAN'!I72) -> 0 | T72: =SUM('ANGKUTAN LAUT LUAR NEGERI'!J72,'ANGKUTAN LAUT DALAM NEGERI'!J72,PELRA!L72,PERINTIS!J72,'ANGKUTAN PENYEBRANGAN'!J72) -> 0 | U72: =SUM('ANGKUTAN LAUT LUAR NEGERI'!K72,'ANGKUTAN LAUT DALAM NEGERI'!K72,PELRA!M72,PERINTIS!K72,'ANGKUTAN PENYEBRANGAN'!K72) -> 0
A73: NOVEMBER | B73: =SUM('ANGKUTAN LAUT LUAR NEGERI'!C73) -> 0 | C73: =SUM('ANGKUTAN LAUT DALAM NEGERI'!C73) -> 0 | D73: =SUM(PELRA!C73) -> 0 | E73: =SUM(PERINTIS!C73) -> 0 | F73: =SUM('ANGKUTAN PENYEBRANGAN'!C73) -> 0 | G73: =SUM(B73:F73) -> 0 | H73: =SUM('ANGKUTAN LAUT LUAR NEGERI'!D73,'ANGKUTAN LAUT DALAM NEGERI'!D73,PELRA!D73,PERINTIS!D73,'ANGKUTAN PENYEBRANGAN'!D73) -> 0 | I73: =SUM(PERINTIS!E73,PELRA!E73,'ANGKUTAN LAUT DALAM NEGERI'!E73,'ANGKUTAN LAUT LUAR NEGERI'!E73) -> 0 | J73: =SUM(PERINTIS!F73,PELRA!F73,'ANGKUTAN LAUT DALAM NEGERI'!F73,'ANGKUTAN LAUT LUAR NEGERI'!F73) -> 0 | K73: =SUM(PELRA!I73) -> 0 | L73: =SUM(PERINTIS!L73,'ANGKUTAN PENYEBRANGAN'!F73) -> 0 | M73: =SUM('ANGKUTAN PENYEBRANGAN'!E73) -> 0 | N73: =SUM(PERINTIS!G73,PELRA!G73,'ANGKUTAN LAUT DALAM NEGERI'!G73,'ANGKUTAN LAUT LUAR NEGERI'!G73) -> 0 | O73: =SUM(PERINTIS!H73,PELRA!H73,'ANGKUTAN LAUT DALAM NEGERI'!H73,'ANGKUTAN LAUT LUAR NEGERI'!H73) -> 0 | P73: =SUM(PELRA!J73) -> 0 | Q73: =SUM(PERINTIS!M73,'ANGKUTAN PENYEBRANGAN'!H73) -> 0 | R73: =SUM('ANGKUTAN PENYEBRANGAN'!G73) -> 0 | S73: =SUM('ANGKUTAN LAUT LUAR NEGERI'!I73,'ANGKUTAN LAUT DALAM NEGERI'!I73,PELRA!K73,PERINTIS!I73,'ANGKUTAN PENYEBRANGAN'!I73) -> 0 | T73: =SUM('ANGKUTAN LAUT LUAR NEGERI'!J73,'ANGKUTAN LAUT DALAM NEGERI'!J73,PELRA!L73,PERINTIS!J73,'ANGKUTAN PENYEBRANGAN'!J73) -> 0 | U73: =SUM('ANGKUTAN LAUT LUAR NEGERI'!K73,'ANGKUTAN LAUT DALAM NEGERI'!K73,PELRA!M73,PERINTIS!K73,'ANGKUTAN PENYEBRANGAN'!K73) -> 0
A74: DESEMBER | B74: =SUM('ANGKUTAN LAUT LUAR NEGERI'!C74) -> 0 | C74: =SUM('ANGKUTAN LAUT DALAM NEGERI'!C74) -> 0 | D74: =SUM(PELRA!C74) -> 0 | E74: =SUM(PERINTIS!C74) -> 0 | F74: =SUM('ANGKUTAN PENYEBRANGAN'!C74) -> 0 | G74: =SUM(B74:F74) -> 0 | H74: =SUM('ANGKUTAN LAUT LUAR NEGERI'!D74,'ANGKUTAN LAUT DALAM NEGERI'!D74,PELRA!D74,PERINTIS!D74,'ANGKUTAN PENYEBRANGAN'!D74) -> 0 | I74: =SUM(PERINTIS!E74,PELRA!E74,'ANGKUTAN LAUT DALAM NEGERI'!E74,'ANGKUTAN LAUT LUAR NEGERI'!E74) -> 0 | J74: =SUM(PERINTIS!F74,PELRA!F74,'ANGKUTAN LAUT DALAM NEGERI'!F74,'ANGKUTAN LAUT LUAR NEGERI'!F74) -> 0 | K74: =SUM(PELRA!I74) -> 0 | L74: =SUM(PERINTIS!L74,'ANGKUTAN PENYEBRANGAN'!F74) -> 0 | M74: =SUM('ANGKUTAN PENYEBRANGAN'!E74) -> 0 | N74: =SUM(PERINTIS!G74,PELRA!G74,'ANGKUTAN LAUT DALAM NEGERI'!G74,'ANGKUTAN LAUT LUAR NEGERI'!G74) -> 0 | O74: =SUM(PERINTIS!H74,PELRA!H74,'ANGKUTAN LAUT DALAM NEGERI'!H74,'ANGKUTAN LAUT LUAR NEGERI'!H74) -> 0 | P74: =SUM(PELRA!J74) -> 0 | Q74: =SUM(PERINTIS!M74,'ANGKUTAN PENYEBRANGAN'!H74) -> 0 | R74: =SUM('ANGKUTAN PENYEBRANGAN'!G74) -> 0 | S74: =SUM('ANGKUTAN LAUT LUAR NEGERI'!I74,'ANGKUTAN LAUT DALAM NEGERI'!I74,PELRA!K74,PERINTIS!I74,'ANGKUTAN PENYEBRANGAN'!I74) -> 0 | T74: =SUM('ANGKUTAN LAUT LUAR NEGERI'!J74,'ANGKUTAN LAUT DALAM NEGERI'!J74,PELRA!L74,PERINTIS!J74,'ANGKUTAN PENYEBRANGAN'!J74) -> 0 | U74: =SUM('ANGKUTAN LAUT LUAR NEGERI'!K74,'ANGKUTAN LAUT DALAM NEGERI'!K74,PELRA!M74,PERINTIS!K74,'ANGKUTAN PENYEBRANGAN'!K74) -> 0
A75: TOTAL | B75: =SUM(B63:B74) -> 0 | C75: =SUM(C63:C74) -> 0 | D75: =SUM(D63:D74) -> 12 | E75: =SUM(E63:E74) -> 25 | F75: =SUM(F63:F74) -> 20 | G75: =SUM(G63:G74) -> 57 | H75: =SUM(H63:H74) -> 50203 | I75: =SUM(I63:I74) -> 315 | ... U75: =SUM(U63:U74) -> 1417
A77: PELABUHAN KALAOTOA
A78: BULAN | B78: JENIS PELAYARAN / JUMLAH KUNJUNGAN KAPAL | G78: JUMLAH | I78: BONGKAR | N78: MUAT | S78: PENUMPANG
B79: LUAR NEGERI | C79: DALAM NEGERI | D79: PELRA | E79: PERINTIS | F79: FERRY | G79: KAPAL | H79: GT. | I79: BARANG TON / M3 | K79: HEWAN EKOR | L79: KENDARAAN / UNIT | N79: BARANG TON / M3 | P79: HEWAN EKOR | Q79: KENDARAAN / UNIT | S79: TURUN | T79: NAIK | U79: LANJUTAN
I80: CARGO | J80: CURAH | L80: MOTOR | M80: MOBIL | N80: CARGO | O80: CURAH | Q80: MOTOR | R80: MOBIL | S80: ( Orang) | T80: ( Orang ) | U80: ( Orang )
A81: JANUARI | B81: =SUM('ANGKUTAN LAUT LUAR NEGERI'!C81) -> 0 | C81: =SUM('ANGKUTAN LAUT DALAM NEGERI'!C81) -> 0 | D81: =SUM(PELRA!C81) -> 2 | E81: =SUM(PERINTIS!C81) -> 4 | F81: =SUM('ANGKUTAN PENYEBRANGAN'!C81) -> 4 | G81: =SUM(B81:F81) -> 10 | H81: =SUM('ANGKUTAN LAUT LUAR NEGERI'!D81,'ANGKUTAN LAUT DALAM NEGERI'!D81,PELRA!D81,PERINTIS!D81,'ANGKUTAN PENYEBRANGAN'!D81) -> 12046 | I81: =SUM(PERINTIS!E81,PELRA!E81,'ANGKUTAN LAUT DALAM NEGERI'!E81,'ANGKUTAN LAUT LUAR NEGERI'!E81) -> 54 | J81: =SUM(PERINTIS!F81,PELRA!F81,'ANGKUTAN LAUT DALAM NEGERI'!F81,'ANGKUTAN LAUT LUAR NEGERI'!F81) -> 0 | K81: =SUM(PELRA!I81) -> 0 | L81: =SUM(PERINTIS!L81,'ANGKUTAN PENYEBRANGAN'!F81) -> 15 | M81: =SUM('ANGKUTAN PENYEBRANGAN'!E81) -> 1 | N81: =SUM(PERINTIS!G81,PELRA!G81,'ANGKUTAN LAUT DALAM NEGERI'!G81,'ANGKUTAN LAUT LUAR NEGERI'!G81) -> 375 | O81: =SUM(PERINTIS!H81,PELRA!H81,'ANGKUTAN LAUT DALAM NEGERI'!H81,'ANGKUTAN LAUT LUAR NEGERI'!H81) -> 0 | P81: =SUM(PELRA!J81) -> 0 | Q81: =SUM(PERINTIS!M81,'ANGKUTAN PENYEBRANGAN'!H81) -> 9 | R81: =SUM('ANGKUTAN PENYEBRANGAN'!G81) -> 1 | S81: =SUM('ANGKUTAN LAUT LUAR NEGERI'!I81,'ANGKUTAN LAUT DALAM NEGERI'!I81,PELRA!K81,PERINTIS!I81,'ANGKUTAN PENYEBRANGAN'!I81) -> 571 | T81: =SUM('ANGKUTAN LAUT LUAR NEGERI'!J81,'ANGKUTAN LAUT DALAM NEGERI'!J81,PELRA!L81,PERINTIS!J81,'ANGKUTAN PENYEBRANGAN'!J81) -> 368 | U81: =SUM('ANGKUTAN LAUT LUAR NEGERI'!K81,'ANGKUTAN LAUT DALAM NEGERI'!K81,PELRA!M81,PERINTIS!K81,'ANGKUTAN PENYEBRANGAN'!K81) -> 52
A82: FEBRUARI | B82: =SUM('ANGKUTAN LAUT LUAR NEGERI'!C82) -> 0 | C82: =SUM('ANGKUTAN LAUT DALAM NEGERI'!C82) -> 0 | D82: =SUM(PELRA!C82) -> 1 | E82: =SUM(PERINTIS!C82) -> 5 | F82: =SUM('ANGKUTAN PENYEBRANGAN'!C82) -> 6 | G82: =SUM(B82:F82) -> 12 | H82: =SUM('ANGKUTAN LAUT LUAR NEGERI'!D82,'ANGKUTAN LAUT DALAM NEGERI'!D82,PELRA!D82,PERINTIS!D82,'ANGKUTAN PENYEBRANGAN'!D82) -> 15582 | I82: =SUM(PERINTIS!E82,PELRA!E82,'ANGKUTAN LAUT DALAM NEGERI'!E82,'ANGKUTAN LAUT LUAR NEGERI'!E82) -> 4 | J82: =SUM(PERINTIS!F82,PELRA!F82,'ANGKUTAN LAUT DALAM NEGERI'!F82,'ANGKUTAN LAUT LUAR NEGERI'!F82) -> 0 | K82: =SUM(PELRA!I82) -> 0 | L82: =SUM(PERINTIS!L82,'ANGKUTAN PENYEBRANGAN'!F82) -> 12 | M82: =SUM('ANGKUTAN PENYEBRANGAN'!E82) -> 1 | N82: =SUM(PERINTIS!G82,PELRA!G82,'ANGKUTAN LAUT DALAM NEGERI'!G82,'ANGKUTAN LAUT LUAR NEGERI'!G82) -> 144 | O82: =SUM(PERINTIS!H82,PELRA!H82,'ANGKUTAN LAUT DALAM NEGERI'!H82,'ANGKUTAN LAUT LUAR NEGERI'!H82) -> 0 | P82: =SUM(PELRA!J82) -> 0 | Q82: =SUM(PERINTIS!M82,'ANGKUTAN PENYEBRANGAN'!H82) -> 14 | R82: =SUM('ANGKUTAN PENYEBRANGAN'!G82) -> 1 | S82: =SUM('ANGKUTAN LAUT LUAR NEGERI'!I82,'ANGKUTAN LAUT DALAM NEGERI'!I82,PELRA!K82,PERINTIS!I82,'ANGKUTAN PENYEBRANGAN'!I82) -> 477 | T82: =SUM('ANGKUTAN LAUT LUAR NEGERI'!J82,'ANGKUTAN LAUT DALAM NEGERI'!J82,PELRA!L82,PERINTIS!J82,'ANGKUTAN PENYEBRANGAN'!J82) -> 378 | U82: =SUM('ANGKUTAN LAUT LUAR NEGERI'!K82,'ANGKUTAN LAUT DALAM NEGERI'!K82,PELRA!M82,PERINTIS!K82,'ANGKUTAN PENYEBRANGAN'!K82) -> 79
A83: MARET | B83: =SUM('ANGKUTAN LAUT LUAR NEGERI'!C83) -> 0 | C83: =SUM('ANGKUTAN LAUT DALAM NEGERI'!C83) -> 0 | D83: =SUM(PELRA!C83) -> 0 | E83: =SUM(PERINTIS!C83) -> 0 | F83: =SUM('ANGKUTAN PENYEBRANGAN'!C83) -> 0 | G83: =SUM(B83:F83) -> 0 | H83: =SUM('ANGKUTAN LAUT LUAR NEGERI'!D83,'ANGKUTAN LAUT DALAM NEGERI'!D83,PELRA!D83,PERINTIS!D83,'ANGKUTAN PENYEBRANGAN'!D83) -> 0 | I83: =SUM(PERINTIS!E83,PELRA!E83,'ANGKUTAN LAUT DALAM NEGERI'!E83,'ANGKUTAN LAUT LUAR NEGERI'!E83) -> 0 | J83: =SUM(PERINTIS!F83,PELRA!F83,'ANGKUTAN LAUT DALAM NEGERI'!F83,'ANGKUTAN LAUT LUAR NEGERI'!F83) -> 0 | K83: =SUM(PELRA!I83) -> 0 | L83: =SUM(PERINTIS!L83,'ANGKUTAN PENYEBRANGAN'!F83) -> 0 | M83: =SUM('ANGKUTAN PENYEBRANGAN'!E83) -> 0 | N83: =SUM(PERINTIS!G83,PELRA!G83,'ANGKUTAN LAUT DALAM NEGERI'!G83,'ANGKUTAN LAUT LUAR NEGERI'!G83) -> 0 | O83: =SUM(PERINTIS!H83,PELRA!H83,'ANGKUTAN LAUT DALAM NEGERI'!H83,'ANGKUTAN LAUT LUAR NEGERI'!H83) -> 0 | P83: =SUM(PELRA!J83) -> 0 | Q83: =SUM(PERINTIS!M83,'ANGKUTAN PENYEBRANGAN'!H83) -> 0 | R83: =SUM('ANGKUTAN PENYEBRANGAN'!G83) -> 0 | S83: =SUM('ANGKUTAN LAUT LUAR NEGERI'!I83,'ANGKUTAN LAUT DALAM NEGERI'!I83,PELRA!K83,PERINTIS!I83,'ANGKUTAN PENYEBRANGAN'!I83) -> 0 | T83: =SUM('ANGKUTAN LAUT LUAR NEGERI'!J83,'ANGKUTAN LAUT DALAM NEGERI'!J83,PELRA!L83,PERINTIS!J83,'ANGKUTAN PENYEBRANGAN'!J83) -> 0 | U83: =SUM('ANGKUTAN LAUT LUAR NEGERI'!K83,'ANGKUTAN LAUT DALAM NEGERI'!K83,PELRA!M83,PERINTIS!K83,'ANGKUTAN PENYEBRANGAN'!K83) -> 0
A84: APRIL | B84: =SUM('ANGKUTAN LAUT LUAR NEGERI'!C84) -> 0 | C84: =SUM('ANGKUTAN LAUT DALAM NEGERI'!C84) -> 0 | D84: =SUM(PELRA!C84) -> 0 | E84: =SUM(PERINTIS!C84) -> 0 | F84: =SUM('ANGKUTAN PENYEBRANGAN'!C84) -> 0 | G84: =SUM(B84:F84) -> 0 | H84: =SUM('ANGKUTAN LAUT LUAR NEGERI'!D84,'ANGKUTAN LAUT DALAM NEGERI'!D84,PELRA!D84,PERINTIS!D84,'ANGKUTAN PENYEBRANGAN'!D84) -> 0 | I84: =SUM(PERINTIS!E84,PELRA!E84,'ANGKUTAN LAUT DALAM NEGERI'!E84,'ANGKUTAN LAUT LUAR NEGERI'!E84) -> 0 | J84: =SUM(PERINTIS!F84,PELRA!F84,'ANGKUTAN LAUT DALAM NEGERI'!F84,'ANGKUTAN LAUT LUAR NEGERI'!F84) -> 0 | K84: =SUM(PELRA!I84) -> 0 | L84: =SUM(PERINTIS!L84,'ANGKUTAN PENYEBRANGAN'!F84) -> 0 | M84: =SUM('ANGKUTAN PENYEBRANGAN'!E84) -> 0 | N84: =SUM(PERINTIS!G84,PELRA!G84,'ANGKUTAN LAUT DALAM NEGERI'!G84,'ANGKUTAN LAUT LUAR NEGERI'!G84) -> 0 | O84: =SUM(PERINTIS!H84,PELRA!H84,'ANGKUTAN LAUT DALAM NEGERI'!H84,'ANGKUTAN LAUT LUAR NEGERI'!H84) -> 0 | P84: =SUM(PELRA!J84) -> 0 | Q84: =SUM(PERINTIS!M84,'ANGKUTAN PENYEBRANGAN'!H84) -> 0 | R84: =SUM('ANGKUTAN PENYEBRANGAN'!G84) -> 0 | S84: =SUM('ANGKUTAN LAUT LUAR NEGERI'!I84,'ANGKUTAN LAUT DALAM NEGERI'!I84,PELRA!K84,PERINTIS!I84,'ANGKUTAN PENYEBRANGAN'!I84) -> 0 | T84: =SUM('ANGKUTAN LAUT LUAR NEGERI'!J84,'ANGKUTAN LAUT DALAM NEGERI'!J84,PELRA!L84,PERINTIS!J84,'ANGKUTAN PENYEBRANGAN'!J84) -> 0 | U84: =SUM('ANGKUTAN LAUT LUAR NEGERI'!K84,'ANGKUTAN LAUT DALAM NEGERI'!K84,PELRA!M84,PERINTIS!K84,'ANGKUTAN PENYEBRANGAN'!K84) -> 0
A85: MEI | B85: =SUM('ANGKUTAN LAUT LUAR NEGERI'!C85) -> 0 | C85: =SUM('ANGKUTAN LAUT DALAM NEGERI'!C85) -> 0 | D85: =SUM(PELRA!C85) -> 0 | E85: =SUM(PERINTIS!C85) -> 0 | F85: =SUM('ANGKUTAN PENYEBRANGAN'!C85) -> 0 | G85: =SUM(B85:F85) -> 0 | H85: =SUM('ANGKUTAN LAUT LUAR NEGERI'!D85,'ANGKUTAN LAUT DALAM NEGERI'!D85,PELRA!D85,PERINTIS!D85,'ANGKUTAN PENYEBRANGAN'!D85) -> 0 | I85: =SUM(PERINTIS!E85,PELRA!E85,'ANGKUTAN LAUT DALAM NEGERI'!E85,'ANGKUTAN LAUT LUAR NEGERI'!E85) -> 0 | J85: =SUM(PERINTIS!F85,PELRA!F85,'ANGKUTAN LAUT DALAM NEGERI'!F85,'ANGKUTAN LAUT LUAR NEGERI'!F85) -> 0 | K85: =SUM(PELRA!I85) -> 0 | L85: =SUM(PERINTIS!L85,'ANGKUTAN PENYEBRANGAN'!F85) -> 0 | M85: =SUM('ANGKUTAN PENYEBRANGAN'!E85) -> 0 | N85: =SUM(PERINTIS!G85,PELRA!G85,'ANGKUTAN LAUT DALAM NEGERI'!G85,'ANGKUTAN LAUT LUAR NEGERI'!G85) -> 0 | O85: =SUM(PERINTIS!H85,PELRA!H85,'ANGKUTAN LAUT DALAM NEGERI'!H85,'ANGKUTAN LAUT LUAR NEGERI'!H85) -> 0 | P85: =SUM(PELRA!J85) -> 0 | Q85: =SUM(PERINTIS!M85,'ANGKUTAN PENYEBRANGAN'!H85) -> 0 | R85: =SUM('ANGKUTAN PENYEBRANGAN'!G85) -> 0 | S85: =SUM('ANGKUTAN LAUT LUAR NEGERI'!I85,'ANGKUTAN LAUT DALAM NEGERI'!I85,PELRA!K85,PERINTIS!I85,'ANGKUTAN PENYEBRANGAN'!I85) -> 0 | T85: =SUM('ANGKUTAN LAUT LUAR NEGERI'!J85,'ANGKUTAN LAUT DALAM NEGERI'!J85,PELRA!L85,PERINTIS!J85,'ANGKUTAN PENYEBRANGAN'!J85) -> 0 | U85: =SUM('ANGKUTAN LAUT LUAR NEGERI'!K85,'ANGKUTAN LAUT DALAM NEGERI'!K85,PELRA!M85,PERINTIS!K85,'ANGKUTAN PENYEBRANGAN'!K85) -> 0
A86: JUNI | B86: =SUM('ANGKUTAN LAUT LUAR NEGERI'!C86) -> 0 | C86: =SUM('ANGKUTAN LAUT DALAM NEGERI'!C86) -> 0 | D86: =SUM(PELRA!C86) -> 0 | E86: =SUM(PERINTIS!C86) -> 0 | F86: =SUM('ANGKUTAN PENYEBRANGAN'!C86) -> 0 | G86: =SUM(B86:F86) -> 0 | H86: =SUM('ANGKUTAN LAUT LUAR NEGERI'!D86,'ANGKUTAN LAUT DALAM NEGERI'!D86,PELRA!D86,PERINTIS!D86,'ANGKUTAN PENYEBRANGAN'!D86) -> 0 | I86: =SUM(PERINTIS!E86,PELRA!E86,'ANGKUTAN LAUT DALAM NEGERI'!E86,'ANGKUTAN LAUT LUAR NEGERI'!E86) -> 0 | J86: =SUM(PERINTIS!F86,PELRA!F86,'ANGKUTAN LAUT DALAM NEGERI'!F86,'ANGKUTAN LAUT LUAR NEGERI'!F86) -> 0 | K86: =SUM(PELRA!I86) -> 0 | L86: =SUM(PERINTIS!L86,'ANGKUTAN PENYEBRANGAN'!F86) -> 0 | M86: =SUM('ANGKUTAN PENYEBRANGAN'!E86) -> 0 | N86: =SUM(PERINTIS!G86,PELRA!G86,'ANGKUTAN LAUT DALAM NEGERI'!G86,'ANGKUTAN LAUT LUAR NEGERI'!G86) -> 0 | O86: =SUM(PERINTIS!H86,PELRA!H86,'ANGKUTAN LAUT DALAM NEGERI'!H86,'ANGKUTAN LAUT LUAR NEGERI'!H86) -> 0 | P86: =SUM(PELRA!J86) -> 0 | Q86: =SUM(PERINTIS!M86,'ANGKUTAN PENYEBRANGAN'!H86) -> 0 | R86: =SUM('ANGKUTAN PENYEBRANGAN'!G86) -> 0 | S86: =SUM('ANGKUTAN LAUT LUAR NEGERI'!I86,'ANGKUTAN LAUT DALAM NEGERI'!I86,PELRA!K86,PERINTIS!I86,'ANGKUTAN PENYEBRANGAN'!I86) -> 0 | T86: =SUM('ANGKUTAN LAUT LUAR NEGERI'!J86,'ANGKUTAN LAUT DALAM NEGERI'!J86,PELRA!L86,PERINTIS!J86,'ANGKUTAN PENYEBRANGAN'!J86) -> 0 | U86: =SUM('ANGKUTAN LAUT LUAR NEGERI'!K86,'ANGKUTAN LAUT DALAM NEGERI'!K86,PELRA!M86,PERINTIS!K86,'ANGKUTAN PENYEBRANGAN'!K86) -> 0
A87: JULI | B87: =SUM('ANGKUTAN LAUT LUAR NEGERI'!C87) -> 0 | C87: =SUM('ANGKUTAN LAUT DALAM NEGERI'!C87) -> 0 | D87: =SUM(PELRA!C87) -> 0 | E87: =SUM(PERINTIS!C87) -> 0 | F87: =SUM('ANGKUTAN PENYEBRANGAN'!C87) -> 0 | G87: =SUM(B87:F87) -> 0 | H87: =SUM('ANGKUTAN LAUT LUAR NEGERI'!D87,'ANGKUTAN LAUT DALAM NEGERI'!D87,PELRA!D87,PERINTIS!D87,'ANGKUTAN PENYEBRANGAN'!D87) -> 0 | I87: =SUM(PERINTIS!E87,PELRA!E87,'ANGKUTAN LAUT DALAM NEGERI'!E87,'ANGKUTAN LAUT LUAR NEGERI'!E87) -> 0 | J87: =SUM(PERINTIS!F87,PELRA!F87,'ANGKUTAN LAUT DALAM NEGERI'!F87,'ANGKUTAN LAUT LUAR NEGERI'!F87) -> 0 | K87: =SUM(PELRA!I87) -> 0 | L87: =SUM(PERINTIS!L87,'ANGKUTAN PENYEBRANGAN'!F87) -> 0 | M87: =SUM('ANGKUTAN PENYEBRANGAN'!E87) -> 0 | N87: =SUM(PERINTIS!G87,PELRA!G87,'ANGKUTAN LAUT DALAM NEGERI'!G87,'ANGKUTAN LAUT LUAR NEGERI'!G87) -> 0 | O87: =SUM(PERINTIS!H87,PELRA!H87,'ANGKUTAN LAUT DALAM NEGERI'!H87,'ANGKUTAN LAUT LUAR NEGERI'!H87) -> 0 | P87: =SUM(PELRA!J87) -> 0 | Q87: =SUM(PERINTIS!M87,'ANGKUTAN PENYEBRANGAN'!H87) -> 0 | R87: =SUM('ANGKUTAN PENYEBRANGAN'!G87) -> 0 | S87: =SUM('ANGKUTAN LAUT LUAR NEGERI'!I87,'ANGKUTAN LAUT DALAM NEGERI'!I87,PELRA!K87,PERINTIS!I87,'ANGKUTAN PENYEBRANGAN'!I87) -> 0 | T87: =SUM('ANGKUTAN LAUT LUAR NEGERI'!J87,'ANGKUTAN LAUT DALAM NEGERI'!J87,PELRA!L87,PERINTIS!J87,'ANGKUTAN PENYEBRANGAN'!J87) -> 0 | U87: =SUM('ANGKUTAN LAUT LUAR NEGERI'!K87,'ANGKUTAN LAUT DALAM NEGERI'!K87,PELRA!M87,PERINTIS!K87,'ANGKUTAN PENYEBRANGAN'!K87) -> 0
A88: AGUSTUS | B88: =SUM('ANGKUTAN LAUT LUAR NEGERI'!C88) -> 0 | C88: =SUM('ANGKUTAN LAUT DALAM NEGERI'!C88) -> 0 | D88: =SUM(PELRA!C88) -> 0 | E88: =SUM(PERINTIS!C88) -> 0 | F88: =SUM('ANGKUTAN PENYEBRANGAN'!C88) -> 0 | G88: =SUM(B88:F88) -> 0 | H88: =SUM('ANGKUTAN LAUT LUAR NEGERI'!D88,'ANGKUTAN LAUT DALAM NEGERI'!D88,PELRA!D88,PERINTIS!D88,'ANGKUTAN PENYEBRANGAN'!D88) -> 0 | I88: =SUM(PERINTIS!E88,PELRA!E88,'ANGKUTAN LAUT DALAM NEGERI'!E88,'ANGKUTAN LAUT LUAR NEGERI'!E88) -> 0 | J88: =SUM(PERINTIS!F88,PELRA!F88,'ANGKUTAN LAUT DALAM NEGERI'!F88,'ANGKUTAN LAUT LUAR NEGERI'!F88) -> 0 | K88: =SUM(PELRA!I88) -> 0 | L88: =SUM(PERINTIS!L88,'ANGKUTAN PENYEBRANGAN'!F88) -> 0 | M88: =SUM('ANGKUTAN PENYEBRANGAN'!E88) -> 0 | N88: =SUM(PERINTIS!G88,PELRA!G88,'ANGKUTAN LAUT DALAM NEGERI'!G88,'ANGKUTAN LAUT LUAR NEGERI'!G88) -> 0 | O88: =SUM(PERINTIS!H88,PELRA!H88,'ANGKUTAN LAUT DALAM NEGERI'!H88,'ANGKUTAN LAUT LUAR NEGERI'!H88) -> 0 | P88: =SUM(PELRA!J88) -> 0 | Q88: =SUM(PERINTIS!M88,'ANGKUTAN PENYEBRANGAN'!H88) -> 0 | R88: =SUM('ANGKUTAN PENYEBRANGAN'!G88) -> 0 | S88: =SUM('ANGKUTAN LAUT LUAR NEGERI'!I88,'ANGKUTAN LAUT DALAM NEGERI'!I88,PELRA!K88,PERINTIS!I88,'ANGKUTAN PENYEBRANGAN'!I88) -> 0 | T88: =SUM('ANGKUTAN LAUT LUAR NEGERI'!J88,'ANGKUTAN LAUT DALAM NEGERI'!J88,PELRA!L88,PERINTIS!J88,'ANGKUTAN PENYEBRANGAN'!J88) -> 0 | U88: =SUM('ANGKUTAN LAUT LUAR NEGERI'!K88,'ANGKUTAN LAUT DALAM NEGERI'!K88,PELRA!M88,PERINTIS!K88,'ANGKUTAN PENYEBRANGAN'!K88) -> 0
A89: SEPTEMBER | B89: =SUM('ANGKUTAN LAUT LUAR NEGERI'!C89) -> 0 | C89: =SUM('ANGKUTAN LAUT DALAM NEGERI'!C89) -> 0 | D89: =SUM(PELRA!C89) -> 0 | E89: =SUM(PERINTIS!C89) -> 0 | F89: =SUM('ANGKUTAN PENYEBRANGAN'!C89) -> 0 | G89: =SUM(B89:F89) -> 0 | H89: =SUM('ANGKUTAN LAUT LUAR NEGERI'!D89,'ANGKUTAN LAUT DALAM NEGERI'!D89,PELRA!D89,PERINTIS!D89,'ANGKUTAN PENYEBRANGAN'!D89) -> 0 | I89: =SUM(PERINTIS!E89,PELRA!E89,'ANGKUTAN LAUT DALAM NEGERI'!E89,'ANGKUTAN LAUT LUAR NEGERI'!E89) -> 0 | J89: =SUM(PERINTIS!F89,PELRA!F89,'ANGKUTAN LAUT DALAM NEGERI'!F89,'ANGKUTAN LAUT LUAR NEGERI'!F89) -> 0 | K89: =SUM(PELRA!I89) -> 0 | L89: =SUM(PERINTIS!L89,'ANGKUTAN PENYEBRANGAN'!F89) -> 0 | M89: =SUM('ANGKUTAN PENYEBRANGAN'!E89) -> 0 | N89: =SUM(PERINTIS!G89,PELRA!G89,'ANGKUTAN LAUT DALAM NEGERI'!G89,'ANGKUTAN LAUT LUAR NEGERI'!G89) -> 0 | O89: =SUM(PERINTIS!H89,PELRA!H89,'ANGKUTAN LAUT DALAM NEGERI'!H89,'ANGKUTAN LAUT LUAR NEGERI'!H89) -> 0 | P89: =SUM(PELRA!J89) -> 0 | Q89: =SUM(PERINTIS!M89,'ANGKUTAN PENYEBRANGAN'!H89) -> 0 | R89: =SUM('ANGKUTAN PENYEBRANGAN'!G89) -> 0 | S89: =SUM('ANGKUTAN LAUT LUAR NEGERI'!I89,'ANGKUTAN LAUT DALAM NEGERI'!I89,PELRA!K89,PERINTIS!I89,'ANGKUTAN PENYEBRANGAN'!I89) -> 0 | T89: =SUM('ANGKUTAN LAUT LUAR NEGERI'!J89,'ANGKUTAN LAUT DALAM NEGERI'!J89,PELRA!L89,PERINTIS!J89,'ANGKUTAN PENYEBRANGAN'!J89) -> 0 | U89: =SUM('ANGKUTAN LAUT LUAR NEGERI'!K89,'ANGKUTAN LAUT DALAM NEGERI'!K89,PELRA!M89,PERINTIS!K89,'ANGKUTAN PENYEBRANGAN'!K89) -> 0
A90: OKTOBER | B90: =SUM('ANGKUTAN LAUT LUAR NEGERI'!C90) -> 0 | C90: =SUM('ANGKUTAN LAUT DALAM NEGERI'!C90) -> 0 | D90: =SUM(PELRA!C90) -> 0 | E90: =SUM(PERINTIS!C90) -> 0 | F90: =SUM('ANGKUTAN PENYEBRANGAN'!C90) -> 0 | G90: =SUM(B90:F90) -> 0 | H90: =SUM('ANGKUTAN LAUT LUAR NEGERI'!D90,'ANGKUTAN LAUT DALAM NEGERI'!D90,PELRA!D90,PERINTIS!D90,'ANGKUTAN PENYEBRANGAN'!D90) -> 0 | I90: =SUM(PERINTIS!E90,PELRA!E90,'ANGKUTAN LAUT DALAM NEGERI'!E90,'ANGKUTAN LAUT LUAR NEGERI'!E90) -> 0 | J90: =SUM(PERINTIS!F90,PELRA!F90,'ANGKUTAN LAUT DALAM NEGERI'!F90,'ANGKUTAN LAUT LUAR NEGERI'!F90) -> 0 | K90: =SUM(PELRA!I90) -> 0 | L90: =SUM(PERINTIS!L90,'ANGKUTAN PENYEBRANGAN'!F90) -> 0 | M90: =SUM('ANGKUTAN PENYEBRANGAN'!E90) -> 0 | N90: =SUM(PERINTIS!G90,PELRA!G90,'ANGKUTAN LAUT DALAM NEGERI'!G90,'ANGKUTAN LAUT LUAR NEGERI'!G90) -> 0 | O90: =SUM(PERINTIS!H90,PELRA!H90,'ANGKUTAN LAUT DALAM NEGERI'!H90,'ANGKUTAN LAUT LUAR NEGERI'!H90) -> 0 | P90: =SUM(PELRA!J90) -> 0 | Q90: =SUM(PERINTIS!M90,'ANGKUTAN PENYEBRANGAN'!H90) -> 0 | R90: =SUM('ANGKUTAN PENYEBRANGAN'!G90) -> 0 | S90: =SUM('ANGKUTAN LAUT LUAR NEGERI'!I90,'ANGKUTAN LAUT DALAM NEGERI'!I90,PELRA!K90,PERINTIS!I90,'ANGKUTAN PENYEBRANGAN'!I90) -> 0 | T90: =SUM('ANGKUTAN LAUT LUAR NEGERI'!J90,'ANGKUTAN LAUT DALAM NEGERI'!J90,PELRA!L90,PERINTIS!J90,'ANGKUTAN PENYEBRANGAN'!J90) -> 0 | U90: =SUM('ANGKUTAN LAUT LUAR NEGERI'!K90,'ANGKUTAN LAUT DALAM NEGERI'!K90,PELRA!M90,PERINTIS!K90,'ANGKUTAN PENYEBRANGAN'!K90) -> 0
A91: NOVEMBER | B91: =SUM('ANGKUTAN LAUT LUAR NEGERI'!C91) -> 0 | C91: =SUM('ANGKUTAN LAUT DALAM NEGERI'!C91) -> 0 | D91: =SUM(PELRA!C91) -> 0 | E91: =SUM(PERINTIS!C91) -> 0 | F91: =SUM('ANGKUTAN PENYEBRANGAN'!C91) -> 0 | G91: =SUM(B91:F91) -> 0 | H91: =SUM('ANGKUTAN LAUT LUAR NEGERI'!D91,'ANGKUTAN LAUT DALAM NEGERI'!D91,PELRA!D91,PERINTIS!D91,'ANGKUTAN PENYEBRANGAN'!D91) -> 0 | I91: =SUM(PERINTIS!E91,PELRA!E91,'ANGKUTAN LAUT DALAM NEGERI'!E91,'ANGKUTAN LAUT LUAR NEGERI'!E91) -> 0 | J91: =SUM(PERINTIS!F91,PELRA!F91,'ANGKUTAN LAUT DALAM NEGERI'!F91,'ANGKUTAN LAUT LUAR NEGERI'!F91) -> 0 | K91: =SUM(PELRA!I91) -> 0 | L91: =SUM(PERINTIS!L91,'ANGKUTAN PENYEBRANGAN'!F91) -> 0 | M91: =SUM('ANGKUTAN PENYEBRANGAN'!E91) -> 0 | N91: =SUM(PERINTIS!G91,PELRA!G91,'ANGKUTAN LAUT DALAM NEGERI'!G91,'ANGKUTAN LAUT LUAR NEGERI'!G91) -> 0 | O91: =SUM(PERINTIS!H91,PELRA!H91,'ANGKUTAN LAUT DALAM NEGERI'!H91,'ANGKUTAN LAUT LUAR NEGERI'!H91) -> 0 | P91: =SUM(PELRA!J91) -> 0 | Q91: =SUM(PERINTIS!M91,'ANGKUTAN PENYEBRANGAN'!H91) -> 0 | R91: =SUM('ANGKUTAN PENYEBRANGAN'!G91) -> 0 | S91: =SUM('ANGKUTAN LAUT LUAR NEGERI'!I91,'ANGKUTAN LAUT DALAM NEGERI'!I91,PELRA!K91,PERINTIS!I91,'ANGKUTAN PENYEBRANGAN'!I91) -> 0 | T91: =SUM('ANGKUTAN LAUT LUAR NEGERI'!J91,'ANGKUTAN LAUT DALAM NEGERI'!J91,PELRA!L91,PERINTIS!J91,'ANGKUTAN PENYEBRANGAN'!J91) -> 0 | U91: =SUM('ANGKUTAN LAUT LUAR NEGERI'!K91,'ANGKUTAN LAUT DALAM NEGERI'!K91,PELRA!M91,PERINTIS!K91,'ANGKUTAN PENYEBRANGAN'!K91) -> 0
A92: DESEMBER | B92: =SUM('ANGKUTAN LAUT LUAR NEGERI'!C92) -> 0 | C92: =SUM('ANGKUTAN LAUT DALAM NEGERI'!C92) -> 0 | D92: =SUM(PELRA!C92) -> 0 | E92: =SUM(PERINTIS!C92) -> 0 | F92: =SUM('ANGKUTAN PENYEBRANGAN'!C92) -> 0 | G92: =SUM(B92:F92) -> 0 | H92: =SUM('ANGKUTAN LAUT LUAR NEGERI'!D92,'ANGKUTAN LAUT DALAM NEGERI'!D92,PELRA!D92,PERINTIS!D92,'ANGKUTAN PENYEBRANGAN'!D92) -> 0 | I92: =SUM(PERINTIS!E92,PELRA!E92,'ANGKUTAN LAUT DALAM NEGERI'!E92,'ANGKUTAN LAUT LUAR NEGERI'!E92) -> 0 | J92: =SUM(PERINTIS!F92,PELRA!F92,'ANGKUTAN LAUT DALAM NEGERI'!F92,'ANGKUTAN LAUT LUAR NEGERI'!F92) -> 0 | K92: =SUM(PELRA!I92) -> 0 | L92: =SUM(PERINTIS!L92,'ANGKUTAN PENYEBRANGAN'!F92) -> 0 | M92: =SUM('ANGKUTAN PENYEBRANGAN'!E92) -> 0 | N92: =SUM(PERINTIS!G92,PELRA!G92,'ANGKUTAN LAUT DALAM NEGERI'!G92,'ANGKUTAN LAUT LUAR NEGERI'!G92) -> 0 | O92: =SUM(PERINTIS!H92,PELRA!H92,'ANGKUTAN LAUT DALAM NEGERI'!H92,'ANGKUTAN LAUT LUAR NEGERI'!H92) -> 0 | P92: =SUM(PELRA!J92) -> 0 | Q92: =SUM(PERINTIS!M92,'ANGKUTAN PENYEBRANGAN'!H92) -> 0 | R92: =SUM('ANGKUTAN PENYEBRANGAN'!G92) -> 0 | S92: =SUM('ANGKUTAN LAUT LUAR NEGERI'!I92,'ANGKUTAN LAUT DALAM NEGERI'!I92,PELRA!K92,PERINTIS!I92,'ANGKUTAN PENYEBRANGAN'!I92) -> 0 | T92: =SUM('ANGKUTAN LAUT LUAR NEGERI'!J92,'ANGKUTAN LAUT DALAM NEGERI'!J92,PELRA!L92,PERINTIS!J92,'ANGKUTAN PENYEBRANGAN'!J92) -> 0 | U92: =SUM('ANGKUTAN LAUT LUAR NEGERI'!K92,'ANGKUTAN LAUT DALAM NEGERI'!K92,PELRA!M92,PERINTIS!K92,'ANGKUTAN PENYEBRANGAN'!K92) -> 0
A93: TOTAL | B93: =SUM(B81:B92) -> 0 | C93: =SUM(C81:C92) -> 0 | D93: =SUM(D81:D92) -> 3 | E93: =SUM(E81:E92) -> 9 | F93: =SUM(F81:F92) -> 10 | G93: =SUM(G81:G92) -> 22 | H93: =SUM(H81:H92) -> 27628 | I93: =SUM(I81:I92) -> 58 | ... U93: =SUM(U81:U92) -> 131
A95: PELABUHAN JINATO
A96: BULAN | B96: JENIS PELAYARAN / JUMLAH KUNJUNGAN KAPAL | G96: JUMLAH | I96: BONGKAR | N96: MUAT | S96: PENUMPANG
B97: LUAR NEGERI | C97: DALAM NEGERI | D97: PELRA | E97: PERINTIS | F97: FERRY | G97: KAPAL | H97: GT. | I97: BARANG TON / M3 | K97: HEWAN EKOR | L97: KENDARAAN / UNIT | N97: BARANG TON / M3 | P97: HEWAN EKOR | Q97: KENDARAAN / UNIT | S97: TURUN | T97: NAIK | U97: LANJUTAN
I98: CARGO | J98: CURAH | L98: MOTOR | M98: MOBIL | N98: CARGO | O98: CURAH | Q98: MOTOR | R98: MOBIL | S98: ( Orang) | T98: ( Orang ) | U98: ( Orang )
A99: JANUARI | B99: =SUM('ANGKUTAN LAUT LUAR NEGERI'!C99) -> 0 | C99: =SUM('ANGKUTAN LAUT DALAM NEGERI'!C99) -> 0 | D99: =SUM(PELRA!C99) -> 1 | E99: =SUM(PERINTIS!C99) -> 5 | F99: =SUM('ANGKUTAN PENYEBRANGAN'!C99) -> 7 | G99: =SUM(B99:F99) -> 13 | H99: =SUM('ANGKUTAN LAUT LUAR NEGERI'!D99,'ANGKUTAN LAUT DALAM NEGERI'!D99,PELRA!D99,PERINTIS!D99,'ANGKUTAN PENYEBRANGAN'!D99) -> 16543 | I99: =SUM(PERINTIS!E99,PELRA!E99,'ANGKUTAN LAUT DALAM NEGERI'!E99,'ANGKUTAN LAUT LUAR NEGERI'!E99) -> 367 | J99: =SUM(PERINTIS!F99,PELRA!F99,'ANGKUTAN LAUT DALAM NEGERI'!F99,'ANGKUTAN LAUT LUAR NEGERI'!F99) -> 0 | K99: =SUM(PELRA!I99) -> 0 | L99: =SUM(PERINTIS!L99,'ANGKUTAN PENYEBRANGAN'!F99) -> 0 | M99: =SUM('ANGKUTAN PENYEBRANGAN'!E99) -> 0 | N99: =SUM(PERINTIS!G99,PELRA!G99,'ANGKUTAN LAUT DALAM NEGERI'!G99,'ANGKUTAN LAUT LUAR NEGERI'!G99) -> 0 | O99: =SUM(PERINTIS!H99,PELRA!H99,'ANGKUTAN LAUT DALAM NEGERI'!H99,'ANGKUTAN LAUT LUAR NEGERI'!H99) -> 0 | P99: =SUM(PELRA!J99) -> 0 | Q99: =SUM(PERINTIS!M99,'ANGKUTAN PENYEBRANGAN'!H99) -> 0 | R99: =SUM('ANGKUTAN PENYEBRANGAN'!G99) -> 0 | S99: =SUM('ANGKUTAN LAUT LUAR NEGERI'!I99,'ANGKUTAN LAUT DALAM NEGERI'!I99,PELRA!K99,PERINTIS!I99,'ANGKUTAN PENYEBRANGAN'!I99) -> 180 | T99: =SUM('ANGKUTAN LAUT LUAR NEGERI'!J99,'ANGKUTAN LAUT DALAM NEGERI'!J99,PELRA!L99,PERINTIS!J99,'ANGKUTAN PENYEBRANGAN'!J99) -> 148 | U99: =SUM('ANGKUTAN LAUT LUAR NEGERI'!K99,'ANGKUTAN LAUT DALAM NEGERI'!K99,PELRA!M99,PERINTIS!K99,'ANGKUTAN PENYEBRANGAN'!K99) -> 1659
A100: FEBRUARI | B100: =SUM('ANGKUTAN LAUT LUAR NEGERI'!C100) -> 0 | C100: =SUM('ANGKUTAN LAUT DALAM NEGERI'!C100) -> 2 | D100: =SUM(PELRA!C100) -> 0 | E100: =SUM(PERINTIS!C100) -> 5 | F100: =SUM('ANGKUTAN PENYEBRANGAN'!C100) -> 13 | G100: =SUM(B100:F100) -> 20 | H100: =SUM('ANGKUTAN LAUT LUAR NEGERI'!D100,'ANGKUTAN LAUT DALAM NEGERI'!D100,PELRA!D100,PERINTIS!D100,'ANGKUTAN PENYEBRANGAN'!D100) -> 22079 | I100: =SUM(PERINTIS!E100,PELRA!E100,'ANGKUTAN LAUT DALAM NEGERI'!E100,'ANGKUTAN LAUT LUAR NEGERI'!E100) -> 1 | J100: =SUM(PERINTIS!F100,PELRA!F100,'ANGKUTAN LAUT DALAM NEGERI'!F100,'ANGKUTAN LAUT LUAR NEGERI'!F100) -> 0 | K100: =SUM(PELRA!I100) -> 0 | L100: =SUM(PERINTIS!L100,'ANGKUTAN PENYEBRANGAN'!F100) -> 0 | M100: =SUM('ANGKUTAN PENYEBRANGAN'!E100) -> 0 | N100: =SUM(PERINTIS!G100,PELRA!G100,'ANGKUTAN LAUT DALAM NEGERI'!G100,'ANGKUTAN LAUT LUAR NEGERI'!G100) -> 0 | O100: =SUM(PERINTIS!H100,PELRA!H100,'ANGKUTAN LAUT DALAM NEGERI'!H100,'ANGKUTAN LAUT LUAR NEGERI'!H100) -> 0 | P100: =SUM(PELRA!J100) -> 0 | Q100: =SUM(PERINTIS!M100,'ANGKUTAN PENYEBRANGAN'!H100) -> 0 | R100: =SUM('ANGKUTAN PENYEBRANGAN'!G100) -> 0 | S100: =SUM('ANGKUTAN LAUT LUAR NEGERI'!I100,'ANGKUTAN LAUT DALAM NEGERI'!I100,PELRA!K100,PERINTIS!I100,'ANGKUTAN PENYEBRANGAN'!I100) -> 144 | T100: =SUM('ANGKUTAN LAUT LUAR NEGERI'!J100,'ANGKUTAN LAUT DALAM NEGERI'!J100,PELRA!L100,PERINTIS!J100,'ANGKUTAN PENYEBRANGAN'!J100) -> 157 | U100: =SUM('ANGKUTAN LAUT LUAR NEGERI'!K100,'ANGKUTAN LAUT DALAM NEGERI'!K100,PELRA!M100,PERINTIS!K100,'ANGKUTAN PENYEBRANGAN'!K100) -> 1468
A101: MARET | B101: =SUM('ANGKUTAN LAUT LUAR NEGERI'!C101) -> 0 | C101: =SUM('ANGKUTAN LAUT DALAM NEGERI'!C101) -> 0 | D101: =SUM(PELRA!C101) -> 0 | E101: =SUM(PERINTIS!C101) -> 0 | F101: =SUM('ANGKUTAN PENYEBRANGAN'!C101) -> 0 | G101: =SUM(B101:F101) -> 0 | H101: =SUM('ANGKUTAN LAUT LUAR NEGERI'!D101,'ANGKUTAN LAUT DALAM NEGERI'!D101,PELRA!D101,PERINTIS!D101,'ANGKUTAN PENYEBRANGAN'!D101) -> 0 | I101: =SUM(PERINTIS!E101,PELRA!E101,'ANGKUTAN LAUT DALAM NEGERI'!E101,'ANGKUTAN LAUT LUAR NEGERI'!E101) -> 0 | J101: =SUM(PERINTIS!F101,PELRA!F101,'ANGKUTAN LAUT DALAM NEGERI'!F101,'ANGKUTAN LAUT LUAR NEGERI'!F101) -> 0 | K101: =SUM(PELRA!I101) -> 0 | L101: =SUM(PERINTIS!L101,'ANGKUTAN PENYEBRANGAN'!F101) -> 0 | M101: =SUM('ANGKUTAN PENYEBRANGAN'!E101) -> 0 | N101: =SUM(PERINTIS!G101,PELRA!G101,'ANGKUTAN LAUT DALAM NEGERI'!G101,'ANGKUTAN LAUT LUAR NEGERI'!G101) -> 0 | O101: =SUM(PERINTIS!H101,PELRA!H101,'ANGKUTAN LAUT DALAM NEGERI'!H101,'ANGKUTAN LAUT LUAR NEGERI'!H101) -> 0 | P101: =SUM(PELRA!J101) -> 0 | Q101: =SUM(PERINTIS!M101,'ANGKUTAN PENYEBRANGAN'!H101) -> 0 | R101: =SUM('ANGKUTAN PENYEBRANGAN'!G101) -> 0 | S101: =SUM('ANGKUTAN LAUT LUAR NEGERI'!I101,'ANGKUTAN LAUT DALAM NEGERI'!I101,PELRA!K101,PERINTIS!I101,'ANGKUTAN PENYEBRANGAN'!I101) -> 0 | T101: =SUM('ANGKUTAN LAUT LUAR NEGERI'!J101,'ANGKUTAN LAUT DALAM NEGERI'!J101,PELRA!L101,PERINTIS!J101,'ANGKUTAN PENYEBRANGAN'!J101) -> 0 | U101: =SUM('ANGKUTAN LAUT LUAR NEGERI'!K101,'ANGKUTAN LAUT DALAM NEGERI'!K101,PELRA!M101,PERINTIS!K101,'ANGKUTAN PENYEBRANGAN'!K101) -> 0
A102: APRIL | B102: =SUM('ANGKUTAN LAUT LUAR NEGERI'!C102) -> 0 | C102: =SUM('ANGKUTAN LAUT DALAM NEGERI'!C102) -> 0 | D102: =SUM(PELRA!C102) -> 0 | E102: =SUM(PERINTIS!C102) -> 0 | F102: =SUM('ANGKUTAN PENYEBRANGAN'!C102) -> 0 | G102: =SUM(B102:F102) -> 0 | H102: =SUM('ANGKUTAN LAUT LUAR NEGERI'!D102,'ANGKUTAN LAUT DALAM NEGERI'!D102,PELRA!D102,PERINTIS!D102,'ANGKUTAN PENYEBRANGAN'!D102) -> 0 | I102: =SUM(PERINTIS!E102,PELRA!E102,'ANGKUTAN LAUT DALAM NEGERI'!E102,'ANGKUTAN LAUT LUAR NEGERI'!E102) -> 0 | J102: =SUM(PERINTIS!F102,PELRA!F102,'ANGKUTAN LAUT DALAM NEGERI'!F102,'ANGKUTAN LAUT LUAR NEGERI'!F102) -> 0 | K102: =SUM(PELRA!I102) -> 0 | L102: =SUM(PERINTIS!L102,'ANGKUTAN PENYEBRANGAN'!F102) -> 0 | M102: =SUM('ANGKUTAN PENYEBRANGAN'!E102) -> 0 | N102: =SUM(PERINTIS!G102,PELRA!G102,'ANGKUTAN LAUT DALAM NEGERI'!G102,'ANGKUTAN LAUT LUAR NEGERI'!G102) -> 0 | O102: =SUM(PERINTIS!H102,PELRA!H102,'ANGKUTAN LAUT DALAM NEGERI'!H102,'ANGKUTAN LAUT LUAR NEGERI'!H102) -> 0 | P102: =SUM(PELRA!J102) -> 0 | Q102: =SUM(PERINTIS!M102,'ANGKUTAN PENYEBRANGAN'!H102) -> 0 | R102: =SUM('ANGKUTAN PENYEBRANGAN'!G102) -> 0 | S102: =SUM('ANGKUTAN LAUT LUAR NEGERI'!I102,'ANGKUTAN LAUT DALAM NEGERI'!I102,PELRA!K102,PERINTIS!I102,'ANGKUTAN PENYEBRANGAN'!I102) -> 0 | T102: =SUM('ANGKUTAN LAUT LUAR NEGERI'!J102,'ANGKUTAN LAUT DALAM NEGERI'!J102,PELRA!L102,PERINTIS!J102,'ANGKUTAN PENYEBRANGAN'!J102) -> 0 | U102: =SUM('ANGKUTAN LAUT LUAR NEGERI'!K102,'ANGKUTAN LAUT DALAM NEGERI'!K102,PELRA!M102,PERINTIS!K102,'ANGKUTAN PENYEBRANGAN'!K102) -> 0
A103: MEI | B103: =SUM('ANGKUTAN LAUT LUAR NEGERI'!C103) -> 0 | C103: =SUM('ANGKUTAN LAUT DALAM NEGERI'!C103) -> 0 | D103: =SUM(PELRA!C103) -> 0 | E103: =SUM(PERINTIS!C103) -> 0 | F103: =SUM('ANGKUTAN PENYEBRANGAN'!C103) -> 0 | G103: =SUM(B103:F103) -> 0 | H103: =SUM('ANGKUTAN LAUT LUAR NEGERI'!D103,'ANGKUTAN LAUT DALAM NEGERI'!D103,PELRA!D103,PERINTIS!D103,'ANGKUTAN PENYEBRANGAN'!D103) -> 0 | I103: =SUM(PERINTIS!E103,PELRA!E103,'ANGKUTAN LAUT DALAM NEGERI'!E103,'ANGKUTAN LAUT LUAR NEGERI'!E103) -> 0 | J103: =SUM(PERINTIS!F103,PELRA!F103,'ANGKUTAN LAUT DALAM NEGERI'!F103,'ANGKUTAN LAUT LUAR NEGERI'!F103) -> 0 | K103: =SUM(PELRA!I103) -> 0 | L103: =SUM(PERINTIS!L103,'ANGKUTAN PENYEBRANGAN'!F103) -> 0 | M103: =SUM('ANGKUTAN PENYEBRANGAN'!E103) -> 0 | N103: =SUM(PERINTIS!G103,PELRA!G103,'ANGKUTAN LAUT DALAM NEGERI'!G103,'ANGKUTAN LAUT LUAR NEGERI'!G103) -> 0 | O103: =SUM(PERINTIS!H103,PELRA!H103,'ANGKUTAN LAUT DALAM NEGERI'!H103,'ANGKUTAN LAUT LUAR NEGERI'!H103) -> 0 | P103: =SUM(PELRA!J103) -> 0 | Q103: =SUM(PERINTIS!M103,'ANGKUTAN PENYEBRANGAN'!H103) -> 0 | R103: =SUM('ANGKUTAN PENYEBRANGAN'!G103) -> 0 | S103: =SUM('ANGKUTAN LAUT LUAR NEGERI'!I103,'ANGKUTAN LAUT DALAM NEGERI'!I103,PELRA!K103,PERINTIS!I103,'ANGKUTAN PENYEBRANGAN'!I103) -> 0 | T103: =SUM('ANGKUTAN LAUT LUAR NEGERI'!J103,'ANGKUTAN LAUT DALAM NEGERI'!J103,PELRA!L103,PERINTIS!J103,'ANGKUTAN PENYEBRANGAN'!J103) -> 0 | U103: =SUM('ANGKUTAN LAUT LUAR NEGERI'!K103,'ANGKUTAN LAUT DALAM NEGERI'!K103,PELRA!M103,PERINTIS!K103,'ANGKUTAN PENYEBRANGAN'!K103) -> 0
A104: JUNI | B104: =SUM('ANGKUTAN LAUT LUAR NEGERI'!C104) -> 0 | C104: =SUM('ANGKUTAN LAUT DALAM NEGERI'!C104) -> 0 | D104: =SUM(PELRA!C104) -> 0 | E104: =SUM(PERINTIS!C104) -> 0 | F104: =SUM('ANGKUTAN PENYEBRANGAN'!C104) -> 0 | G104: =SUM(B104:F104) -> 0 | H104: =SUM('ANGKUTAN LAUT LUAR NEGERI'!D104,'ANGKUTAN LAUT DALAM NEGERI'!D104,PELRA!D104,PERINTIS!D104,'ANGKUTAN PENYEBRANGAN'!D104) -> 0 | I104: =SUM(PERINTIS!E104,PELRA!E104,'ANGKUTAN LAUT DALAM NEGERI'!E104,'ANGKUTAN LAUT LUAR NEGERI'!E104) -> 0 | J104: =SUM(PERINTIS!F104,PELRA!F104,'ANGKUTAN LAUT DALAM NEGERI'!F104,'ANGKUTAN LAUT LUAR NEGERI'!F104) -> 0 | K104: =SUM(PELRA!I104) -> 0 | L104: =SUM(PERINTIS!L104,'ANGKUTAN PENYEBRANGAN'!F104) -> 0 | M104: =SUM('ANGKUTAN PENYEBRANGAN'!E104) -> 0 | N104: =SUM(PERINTIS!G104,PELRA!G104,'ANGKUTAN LAUT DALAM NEGERI'!G104,'ANGKUTAN LAUT LUAR NEGERI'!G104) -> 0 | O104: =SUM(PERINTIS!H104,PELRA!H104,'ANGKUTAN LAUT DALAM NEGERI'!H104,'ANGKUTAN LAUT LUAR NEGERI'!H104) -> 0 | P104: =SUM(PELRA!J104) -> 0 | Q104: =SUM(PERINTIS!M104,'ANGKUTAN PENYEBRANGAN'!H104) -> 0 | R104: =SUM('ANGKUTAN PENYEBRANGAN'!G104) -> 0 | S104: =SUM('ANGKUTAN LAUT LUAR NEGERI'!I104,'ANGKUTAN LAUT DALAM NEGERI'!I104,PELRA!K104,PERINTIS!I104,'ANGKUTAN PENYEBRANGAN'!I104) -> 0 | T104: =SUM('ANGKUTAN LAUT LUAR NEGERI'!J104,'ANGKUTAN LAUT DALAM NEGERI'!J104,PELRA!L104,PERINTIS!J104,'ANGKUTAN PENYEBRANGAN'!J104) -> 0 | U104: =SUM('ANGKUTAN LAUT LUAR NEGERI'!K104,'ANGKUTAN LAUT DALAM NEGERI'!K104,PELRA!M104,PERINTIS!K104,'ANGKUTAN PENYEBRANGAN'!K104) -> 0
A105: JULI | B105: =SUM('ANGKUTAN LAUT LUAR NEGERI'!C105) -> 0 | C105: =SUM('ANGKUTAN LAUT DALAM NEGERI'!C105) -> 0 | D105: =SUM(PELRA!C105) -> 0 | E105: =SUM(PERINTIS!C105) -> 0 | F105: =SUM('ANGKUTAN PENYEBRANGAN'!C105) -> 0 | G105: =SUM(B105:F105) -> 0 | H105: =SUM('ANGKUTAN LAUT LUAR NEGERI'!D105,'ANGKUTAN LAUT DALAM NEGERI'!D105,PELRA!D105,PERINTIS!D105,'ANGKUTAN PENYEBRANGAN'!D105) -> 0 | I105: =SUM(PERINTIS!E105,PELRA!E105,'ANGKUTAN LAUT DALAM NEGERI'!E105,'ANGKUTAN LAUT LUAR NEGERI'!E105) -> 0 | J105: =SUM(PERINTIS!F105,PELRA!F105,'ANGKUTAN LAUT DALAM NEGERI'!F105,'ANGKUTAN LAUT LUAR NEGERI'!F105) -> 0 | K105: =SUM(PELRA!I105) -> 0 | L105: =SUM(PERINTIS!L105,'ANGKUTAN PENYEBRANGAN'!F105) -> 0 | M105: =SUM('ANGKUTAN PENYEBRANGAN'!E105) -> 0 | N105: =SUM(PERINTIS!G105,PELRA!G105,'ANGKUTAN LAUT DALAM NEGERI'!G105,'ANGKUTAN LAUT LUAR NEGERI'!G105) -> 0 | O105: =SUM(PERINTIS!H105,PELRA!H105,'ANGKUTAN LAUT DALAM NEGERI'!H105,'ANGKUTAN LAUT LUAR NEGERI'!H105) -> 0 | P105: =SUM(PELRA!J105) -> 0 | Q105: =SUM(PERINTIS!M105,'ANGKUTAN PENYEBRANGAN'!H105) -> 0 | R105: =SUM('ANGKUTAN PENYEBRANGAN'!G105) -> 0 | S105: =SUM('ANGKUTAN LAUT LUAR NEGERI'!I105,'ANGKUTAN LAUT DALAM NEGERI'!I105,PELRA!K105,PERINTIS!I105,'ANGKUTAN PENYEBRANGAN'!I105) -> 0 | T105: =SUM('ANGKUTAN LAUT LUAR NEGERI'!J105,'ANGKUTAN LAUT DALAM NEGERI'!J105,PELRA!L105,PERINTIS!J105,'ANGKUTAN PENYEBRANGAN'!J105) -> 0 | U105: =SUM('ANGKUTAN LAUT LUAR NEGERI'!K105,'ANGKUTAN LAUT DALAM NEGERI'!K105,PELRA!M105,PERINTIS!K105,'ANGKUTAN PENYEBRANGAN'!K105) -> 0
A106: AGUSTUS | B106: =SUM('ANGKUTAN LAUT LUAR NEGERI'!C106) -> 0 | C106: =SUM('ANGKUTAN LAUT DALAM NEGERI'!C106) -> 0 | D106: =SUM(PELRA!C106) -> 0 | E106: =SUM(PERINTIS!C106) -> 0 | F106: =SUM('ANGKUTAN PENYEBRANGAN'!C106) -> 0 | G106: =SUM(B106:F106) -> 0 | H106: =SUM('ANGKUTAN LAUT LUAR NEGERI'!D106,'ANGKUTAN LAUT DALAM NEGERI'!D106,PELRA!D106,PERINTIS!D106,'ANGKUTAN PENYEBRANGAN'!D106) -> 0 | I106: =SUM(PERINTIS!E106,PELRA!E106,'ANGKUTAN LAUT DALAM NEGERI'!E106,'ANGKUTAN LAUT LUAR NEGERI'!E106) -> 0 | J106: =SUM(PERINTIS!F106,PELRA!F106,'ANGKUTAN LAUT DALAM NEGERI'!F106,'ANGKUTAN LAUT LUAR NEGERI'!F106) -> 0 | K106: =SUM(PELRA!I106) -> 0 | L106: =SUM(PERINTIS!L106,'ANGKUTAN PENYEBRANGAN'!F106) -> 0 | M106: =SUM('ANGKUTAN PENYEBRANGAN'!E106) -> 0 | N106: =SUM(PERINTIS!G106,PELRA!G106,'ANGKUTAN LAUT DALAM NEGERI'!G106,'ANGKUTAN LAUT LUAR NEGERI'!G106) -> 0 | O106: =SUM(PERINTIS!H106,PELRA!H106,'ANGKUTAN LAUT DALAM NEGERI'!H106,'ANGKUTAN LAUT LUAR NEGERI'!H106) -> 0 | P106: =SUM(PELRA!J106) -> 0 | Q106: =SUM(PERINTIS!M106,'ANGKUTAN PENYEBRANGAN'!H106) -> 0 | R106: =SUM('ANGKUTAN PENYEBRANGAN'!G106) -> 0 | S106: =SUM('ANGKUTAN LAUT LUAR NEGERI'!I106,'ANGKUTAN LAUT DALAM NEGERI'!I106,PELRA!K106,PERINTIS!I106,'ANGKUTAN PENYEBRANGAN'!I106) -> 0 | T106: =SUM('ANGKUTAN LAUT LUAR NEGERI'!J106,'ANGKUTAN LAUT DALAM NEGERI'!J106,PELRA!L106,PERINTIS!J106,'ANGKUTAN PENYEBRANGAN'!J106) -> 0 | U106: =SUM('ANGKUTAN LAUT LUAR NEGERI'!K106,'ANGKUTAN LAUT DALAM NEGERI'!K106,PELRA!M106,PERINTIS!K106,'ANGKUTAN PENYEBRANGAN'!K106) -> 0
...
